table,field_name,dtype_or_storage_type,non_null_count,missing_count,semantic_role,unit,time_grain,allowed_transforms,missingness_rule,join_key_role,claim_use,verified_status
ember_global_electricity_benchmark_country_year_20260706.csv,country_name,str,21652,0,country_identifier,not_applicable,annual,country_year_filter|annual_benchmark_join|rank_or_quantile_summary,do not infer missing country-year values beyond explicit manuscript-safe imputation rules,not_join_key,SI benchmark and annual direct CO2 proxy boundary support,observed_in_source_table_or_direct_derived_filter
ember_global_electricity_benchmark_country_year_20260706.csv,iso3,str,21652,0,country_identifier,not_applicable,annual,country_year_filter|annual_benchmark_join|rank_or_quantile_summary,do not infer missing country-year values beyond explicit manuscript-safe imputation rules,iso3,SI benchmark and annual direct CO2 proxy boundary support,observed_in_source_table_or_direct_derived_filter
ember_global_electricity_benchmark_country_year_20260706.csv,year,int64,21652,0,time,year,annual,country_year_filter|annual_benchmark_join|rank_or_quantile_summary,do not infer missing country-year values beyond explicit manuscript-safe imputation rules,not_join_key,SI benchmark and annual direct CO2 proxy boundary support,observed_in_source_table_or_direct_derived_filter
ember_global_electricity_benchmark_country_year_20260706.csv,variable_code,str,21652,0,benchmark_metric_identifier,not_applicable,annual,country_year_filter|annual_benchmark_join|rank_or_quantile_summary,do not infer missing country-year values beyond explicit manuscript-safe imputation rules,not_join_key,SI benchmark and annual direct CO2 proxy boundary support,observed_in_source_table_or_direct_derived_filter
ember_global_electricity_benchmark_country_year_20260706.csv,category,str,21652,0,source_metric_label,not_applicable,annual,country_year_filter|annual_benchmark_join|rank_or_quantile_summary,do not infer missing country-year values beyond explicit manuscript-safe imputation rules,not_join_key,SI benchmark and annual direct CO2 proxy boundary support,observed_in_source_table_or_direct_derived_filter
ember_global_electricity_benchmark_country_year_20260706.csv,subcategory,str,21652,0,source_metric_label,not_applicable,annual,country_year_filter|annual_benchmark_join|rank_or_quantile_summary,do not infer missing country-year values beyond explicit manuscript-safe imputation rules,not_join_key,SI benchmark and annual direct CO2 proxy boundary support,observed_in_source_table_or_direct_derived_filter
ember_global_electricity_benchmark_country_year_20260706.csv,variable,str,21652,0,source_metric_label,not_applicable,annual,country_year_filter|annual_benchmark_join|rank_or_quantile_summary,do not infer missing country-year values beyond explicit manuscript-safe imputation rules,not_join_key,SI benchmark and annual direct CO2 proxy boundary support,observed_in_source_table_or_direct_derived_filter
ember_global_electricity_benchmark_country_year_20260706.csv,unit,str,21652,0,source_unit_label,not_applicable,annual,country_year_filter|annual_benchmark_join|rank_or_quantile_summary,do not infer missing country-year values beyond explicit manuscript-safe imputation rules,not_join_key,SI benchmark and annual direct CO2 proxy boundary support,observed_in_source_table_or_direct_derived_filter
ember_global_electricity_benchmark_country_year_20260706.csv,value,float64,21626,26,benchmark_metric_value,field_specific,annual,country_year_filter|annual_benchmark_join|rank_or_quantile_summary,do not infer missing country-year values beyond explicit manuscript-safe imputation rules,not_join_key,SI benchmark and annual direct CO2 proxy boundary support,observed_in_source_table_or_direct_derived_filter
