province,grid_support_out_twh_proxy,grid_support_in_twh_proxy,grid_interprovincial_export_twh_proxy,coalele_source_thermal_burden_twh_proxy,coalele_destination_thermal_burden_twh_proxy,water_main_model_in_100m3,water_main_model_out_100m3,water_strict_observed_in_100m3,generation_total_gwh,generation_total_share,generation_thermal_gwh,generation_thermal_share,generation_hydro_gwh,generation_hydro_share,generation_residual_nonhydro_nonthermal_gwh,generation_residual_nonhydro_nonthermal_share,top10_grid_support,top10_coalele_source,has_main_model_water_receiver_context,has_strict_observed_water_receiver_context,high_thermal_generation_share_partial,hydro_support_candidate_partial,multi_layer_visibility_score,china_world_contribution_role_screen,claim_boundary,_grid_norm,_coal_norm,_water_norm,_thermal_norm,_combined_salience
Shandong,0.0513535956816521,0.0642439601153281,0.0,0.0091717228234604,0.0405199687737517,7.052867924528302,0.0,10.01,677325.0,1.0,510519.0,0.7537282692946516,5453.0,0.0080507880264274,,,True,True,True,True,True,False,4,grid_and_coalele_support_screen,"China world-contribution module for the public-evidence-constrained burden-allocation framework. The module screens China's role as token-demand origin, modeled compute host and domestic infrastructure support context. It does not show observed provider routing, measured AI electricity, official 2024 dispatch, observed coal transport, physical fuel procurement, AI-induced water demand, causal burden transfer or fairness responsibility.",0.5560629175949465,0.058544607112647376,0.2219767703562239,0.7987477624845373,2.635332057548355
Inner Mongolia,0.0923521314885803,0.0791424505521427,0.0176514441402726,0.1566621295418863,0.0586310492856014,0.0,0.0,0.0,834400.0,1.0,618148.0,0.7408293384467881,5544.0,0.0066442953020134,,,True,True,False,False,True,False,3,grid_and_coalele_support_screen,"China world-contribution module for the public-evidence-constrained burden-allocation framework. The module screens China's role as token-demand origin, modeled compute host and domestic infrastructure support context. It does not show observed provider routing, measured AI electricity, official 2024 dispatch, observed coal transport, physical fuel procurement, AI-induced water demand, causal burden transfer or fairness responsibility.",1.0,1.0,0.0,0.7850783904138632,3.5350783904138634
Xinjiang,0.0632254155645034,0.0519587640188938,0.0112666515456096,0.037994699205047,0.036871902409025,0.0,0.0,0.0,547802.0,1.0,388741.0,0.7096377888361123,38246.0,0.0698171967243639,,,True,True,False,False,True,False,3,grid_and_coalele_support_screen,"China world-contribution module for the public-evidence-constrained burden-allocation framework. The module screens China's role as token-demand origin, modeled compute host and domestic infrastructure support context. It does not show observed provider routing, measured AI electricity, official 2024 dispatch, observed coal transport, physical fuel procurement, AI-induced water demand, causal burden transfer or fairness responsibility.",0.6846124127879112,0.2425263802818949,0.0,0.7520237983613882,2.4291625914311945
Shanxi,0.057301406064237,0.0439104965731829,0.0136056359055606,0.134507625051414,0.0349426629025165,0.0,0.0,0.0,462949.0,1.0,368401.0,0.7957701604280386,4833.0,0.0104395948581809,,,True,True,False,False,True,False,3,grid_and_coalele_support_screen,"China world-contribution module for the public-evidence-constrained burden-allocation framework. The module screens China's role as token-demand origin, modeled compute host and domestic infrastructure support context. It does not show observed provider routing, measured AI electricity, official 2024 dispatch, observed coal transport, physical fuel procurement, AI-induced water demand, causal burden transfer or fairness responsibility.",0.6204665246012491,0.8585841737549667,0.0,0.8433007769347406,3.072351475290956
Jiangsu,0.0501481305583782,0.0645675867228112,0.0044473564413668,0.002593663610207,0.0459796058446674,3.994981132075472,0.0,0.0,680737.0,1.0,511346.0,0.7511652811585091,3272.9999999999995,0.0048080242443116,,,True,False,True,False,True,False,3,grid_support_screen,"China world-contribution module for the public-evidence-constrained burden-allocation framework. The module screens China's role as token-demand origin, modeled compute host and domestic infrastructure support context. It does not show observed provider routing, measured AI electricity, official 2024 dispatch, observed coal transport, physical fuel procurement, AI-induced water demand, causal burden transfer or fairness responsibility.",0.5430099960884953,0.016555779101123092,0.12573509369828068,0.7960316894348505,2.2313325583227495
Shaanxi,0.0444487350576692,0.0320028016191229,0.0126743515185052,0.1005854621276817,0.0264615970365406,0.0,0.0,0.0,337406.0,1.0,278985.0,0.8268525159600006,8885.0,0.0263332602265519,,,True,True,False,False,True,False,3,grid_and_coalele_support_screen,"China world-contribution module for the public-evidence-constrained burden-allocation framework. The module screens China's role as token-demand origin, modeled compute host and domestic infrastructure support context. It does not show observed provider routing, measured AI electricity, official 2024 dispatch, observed coal transport, physical fuel procurement, AI-induced water demand, causal burden transfer or fairness responsibility.",0.48129625533510784,0.6420534587511046,0.0,0.8762396528470596,2.749589366933272
Anhui,0.0365510267434631,0.036644737776867,0.0057771060327353,0.0233460636017641,0.0301865279067267,0.1620539083557951,0.0,0.0,386346.0,1.0,318257.0,0.8237616022943165,9452.0,0.0244651167606238,,,False,True,True,False,True,False,3,coalele_source_screen,"China world-contribution module for the public-evidence-constrained burden-allocation framework. The module screens China's role as token-demand origin, modeled compute host and domestic infrastructure support context. It does not show observed provider routing, measured AI electricity, official 2024 dispatch, observed coal transport, physical fuel procurement, AI-induced water demand, causal burden transfer or fairness responsibility.",0.3957789187354357,0.14902174297025708,0.005100365352840308,0.872964121763678,2.1728651488222113
Henan,0.0297317997144149,0.0363506093742278,0.0,0.0137013147795477,0.0266722578499105,21.36,0.0,0.0,383245.0,1.0,281206.0,0.7337499510756826,14608.000000000002,0.0381166094795757,,,False,True,True,False,True,False,3,coalele_source_screen,"China world-contribution module for the public-evidence-constrained burden-allocation framework. The module screens China's role as token-demand origin, modeled compute host and domestic infrastructure support context. It does not show observed provider routing, measured AI electricity, official 2024 dispatch, observed coal transport, physical fuel procurement, AI-induced water demand, causal burden transfer or fairness responsibility.",0.32193950735280374,0.08745773352892168,0.6722689075630252,0.7775761577754039,2.609242306220154
Sichuan,0.0592122986961584,0.050339208238479,0.0195208723798314,0.003843386283424,0.0092429921666527,0.0,0.0,0.0,530727.0,1.0,97449.0,0.183614174519103,404543.0,0.7622431118070118,,,True,False,False,False,False,True,2,grid_support_screen,"China world-contribution module for the public-evidence-constrained burden-allocation framework. The module screens China's role as token-demand origin, modeled compute host and domestic infrastructure support context. It does not show observed provider routing, measured AI electricity, official 2024 dispatch, observed coal transport, physical fuel procurement, AI-induced water demand, causal burden transfer or fairness responsibility.",0.6411579001127897,0.02453296335663818,0.0,0.1945812795303889,1.3602721429998168
Yunnan,0.0576963408651745,0.0440703180367262,0.0136260228284483,0.0083724905117872,0.0057406731510279,0.0,0.0,0.0,464634.0,1.0,60524.0,0.130261668323885,330433.0,0.7111683604729744,,,True,False,False,False,False,True,2,grid_support_screen,"China world-contribution module for the public-evidence-constrained burden-allocation framework. The module screens China's role as token-demand origin, modeled compute host and domestic infrastructure support context. It does not show observed provider routing, measured AI electricity, official 2024 dispatch, observed coal transport, physical fuel procurement, AI-induced water demand, causal burden transfer or fairness responsibility.",0.6247429261804193,0.05344297652706598,0.0,0.13804207743007146,1.3162279801375567
Hubei,0.0379709540878511,0.0331845319540092,0.0124560600285493,0.0001021782802179,0.0170490139044173,0.0,0.0,0.0,349865.0,1.0,179748.0,0.5137638803538508,130591.0,0.3732611150015006,,,True,False,False,False,False,True,2,grid_support_screen,"China world-contribution module for the public-evidence-constrained burden-allocation framework. The module screens China's role as token-demand origin, modeled compute host and domestic infrastructure support context. It does not show observed provider routing, measured AI electricity, official 2024 dispatch, observed coal transport, physical fuel procurement, AI-induced water demand, causal burden transfer or fairness responsibility.",0.41115406299578866,0.0006522206771776384,0.0,0.5444505222844289,1.4562568059573953
Hebei,0.0334301417380672,0.0411132889878119,0.0007647936536003,0.0090025152490522,0.0266240672609126,23.75187331536388,0.0,0.0,433458.0,1.0,290240.0,0.6695919789229868,6538.0,0.0150833529430763,,,False,True,True,False,False,False,2,coalele_source_screen,"China world-contribution module for the public-evidence-constrained burden-allocation framework. The module screens China's role as token-demand origin, modeled compute host and domestic infrastructure support context. It does not show observed provider routing, measured AI electricity, official 2024 dispatch, observed coal transport, physical fuel procurement, AI-induced water demand, causal burden transfer or fairness responsibility.",0.36198560010713954,0.05746452748585435,0.7475489665868468,0.7095860892186444,2.3765851833984852
Ningxia,0.030175909689229,0.0224605591750342,0.0077153505141948,0.0117267141504842,0.0164575322150086,0.0,0.0,0.0,236802.0,1.0,173512.0,0.7327302978859975,1984.0,0.0083783076156451,,,False,True,False,False,True,False,2,coalele_source_screen,"China world-contribution module for the public-evidence-constrained burden-allocation framework. The module screens China's role as token-demand origin, modeled compute host and domestic infrastructure support context. It does not show observed provider routing, measured AI electricity, official 2024 dispatch, observed coal transport, physical fuel procurement, AI-induced water demand, causal burden transfer or fairness responsibility.",0.3267483836359572,0.07485353470411535,0.0,0.7764956016427098,1.6780975199827823
Tianjin,0.0067337335876708,0.0083462846792131,0.0,0.0,0.0061409411814925,7.74522371967655,0.0,0.0,87995.0,1.0,76357.0,0.8677424853684869,14.000000000000002,0.0001590999488607,,,False,False,True,False,True,False,2,water_receiver_context_only,"China world-contribution module for the public-evidence-constrained burden-allocation framework. The module screens China's role as token-demand origin, modeled compute host and domestic infrastructure support context. It does not show observed provider routing, measured AI electricity, official 2024 dispatch, observed coal transport, physical fuel procurement, AI-induced water demand, causal burden transfer or fairness responsibility.",0.07291367810501971,0.0,0.24376746670684385,0.9195719423519416,1.736253087163805
Beijing,0.0017255294838399,0.0043217241334582,1.053381105593905e-05,0.0001975460777891,0.0040739771525832,31.773,0.0,13.45,45564.0,1.0,42952.0,0.94267404090949,944.0,0.0207181107892195,,,False,False,True,True,True,False,2,water_receiver_context_only,"China world-contribution module for the public-evidence-constrained burden-allocation framework. The module screens China's role as token-demand origin, modeled compute host and domestic infrastructure support context. It does not show observed provider routing, measured AI electricity, official 2024 dispatch, observed coal transport, physical fuel procurement, AI-induced water demand, causal burden transfer or fairness responsibility.",0.01868424102429372,0.0012609689295477288,1.0,0.998979090479571,2.5189243004334125
Guangdong,0.0507074092038574,0.0697571840855987,0.0,0.0,0.0290456617120318,0.0,0.0,0.0,735451.0,1.0,493591.0,0.6711405654489557,42957.0,0.0584090578434185,,,True,False,False,False,False,False,1,grid_support_screen,"China world-contribution module for the public-evidence-constrained burden-allocation framework. The module screens China's role as token-demand origin, modeled compute host and domestic infrastructure support context. It does not show observed provider routing, measured AI electricity, official 2024 dispatch, observed coal transport, physical fuel procurement, AI-induced water demand, causal burden transfer or fairness responsibility.",0.5490659326052216,0.0,0.0,0.7112271713871412,1.5102931039923628
Guizhou,0.0276081125044476,0.024244489196588,0.0152130199569958,0.0149209462095565,0.0155152969516035,0.0,0.0,0.0,255610.0,1.0,163578.0,0.6399514885959079,61660.0,0.241226869058331,,,False,True,False,False,False,False,1,coalele_source_screen,"China world-contribution module for the public-evidence-constrained burden-allocation framework. The module screens China's role as token-demand origin, modeled compute host and domestic infrastructure support context. It does not show observed provider routing, measured AI electricity, official 2024 dispatch, observed coal transport, physical fuel procurement, AI-induced water demand, causal burden transfer or fairness responsibility.",0.2989439665273069,0.09524284045664737,0.0,0.6781751997878228,1.3223620067717772
Jiangxi,0.0153782437676227,0.0186225676612012,0.0,0.0007901152954287,0.0121194040717221,0.0,0.0,0.0,196338.0,1.0,141560.0,0.7210015381637787,18882.0,0.096170888977172,,,False,False,False,False,True,False,1,context_or_low_visibility,"China world-contribution module for the public-evidence-constrained burden-allocation framework. The module screens China's role as token-demand origin, modeled compute host and domestic infrastructure support context. It does not show observed provider routing, measured AI electricity, official 2024 dispatch, observed coal transport, physical fuel procurement, AI-induced water demand, causal burden transfer or fairness responsibility.",0.16651747523038252,0.005043435179511263,0.0,0.7640662939379477,1.1856272043478415
Hunan,0.0147907500063703,0.0180224546642651,0.0034842928939153,0.0009365244194202,0.009355974373309,0.0,0.0,0.0,190011.0,1.0,103516.0,0.5447895121861367,50993.0,0.268368673392593,,,False,False,False,False,False,True,1,context_or_low_visibility,"China world-contribution module for the public-evidence-constrained burden-allocation framework. The module screens China's role as token-demand origin, modeled compute host and domestic infrastructure support context. It does not show observed provider routing, measured AI electricity, official 2024 dispatch, observed coal transport, physical fuel procurement, AI-induced water demand, causal burden transfer or fairness responsibility.",0.1601560220426448,0.005977988567874051,0.0,0.5773292864428947,0.9934632970534136
Qinghai,0.0144398046512198,0.0109408936615407,0.0034989109896791,0.0019235592682371,0.0012759159214133,0.0,0.0,0.0,115350.0,1.0,13452.000000000002,0.1166189856957087,50727.0,0.4397659297789336,,,False,False,False,False,False,True,1,context_or_low_visibility,"China world-contribution module for the public-evidence-constrained burden-allocation framework. The module screens China's role as token-demand origin, modeled compute host and domestic infrastructure support context. It does not show observed provider routing, measured AI electricity, official 2024 dispatch, observed coal transport, physical fuel procurement, AI-induced water demand, causal burden transfer or fairness responsibility.",0.15635594347928328,0.012278393469193866,0.0,0.12358452997236487,0.5422188669208421
Chongqing,0.0125348529968207,0.0114777420197922,0.0036811920513324,0.0012792441625603,0.0088036491285928,0.0,0.0,0.0,121010.0,1.0,92817.0,0.7670192546070573,21840.0,0.180480951987439,,,False,False,False,False,True,False,1,context_or_low_visibility,"China world-contribution module for the public-evidence-constrained burden-allocation framework. The module screens China's role as token-demand origin, modeled compute host and domestic infrastructure support context. It does not show observed provider routing, measured AI electricity, official 2024 dispatch, observed coal transport, physical fuel procurement, AI-induced water demand, causal burden transfer or fairness responsibility.",0.13572889758771495,0.008165624751183228,0.0,0.8128326060707193,1.2067271284096175
Shanghai,0.0040221043726657,0.0102249693844935,0.0001901275431266,0.0,0.0079738578456143,0.0,0.0,0.0,107802.0,1.0,101726.0,0.9436374093245024,0.0,0.0,,,False,False,False,False,True,False,1,context_or_low_visibility,"China world-contribution module for the public-evidence-constrained burden-allocation framework. The module screens China's role as token-demand origin, modeled compute host and domestic infrastructure support context. It does not show observed provider routing, measured AI electricity, official 2024 dispatch, observed coal transport, physical fuel procurement, AI-induced water demand, causal burden transfer or fairness responsibility.",0.043551830454103255,0.0,0.0,1.0,1.2935518304541032
Tibet,0.0007246031809612,0.0016279025393411,0.0,0.0,3.509432730619953e-05,0.0,0.0,0.0,17163.0,1.0,370.0,0.0215580026801841,13271.0,0.7732331177533066,,,False,False,False,False,False,True,1,context_or_low_visibility,"China world-contribution module for the public-evidence-constrained burden-allocation framework. The module screens China's role as token-demand origin, modeled compute host and domestic infrastructure support context. It does not show observed provider routing, measured AI electricity, official 2024 dispatch, observed coal transport, physical fuel procurement, AI-induced water demand, causal burden transfer or fairness responsibility.",0.007846090493870193,0.0,0.0,0.022845642263818553,0.28069173275768877
Fujian,0.0340011415480348,0.0339979615512471,3.1799967877358924e-06,0.0007256380900607,0.0100817136920208,0.0,0.0,0.0,358441.0,1.0,192724.0,0.5376728666642488,44519.0,0.1242017514737432,,,False,False,False,False,False,False,0,context_or_low_visibility,"China world-contribution module for the public-evidence-constrained burden-allocation framework. The module screens China's role as token-demand origin, modeled compute host and domestic infrastructure support context. It does not show observed provider routing, measured AI electricity, official 2024 dispatch, observed coal transport, physical fuel procurement, AI-induced water demand, causal burden transfer or fairness responsibility.",0.368168454804307,0.004631866630324901,0.0,0.5697875702587278,0.9425878916933597
Zhejiang,0.0292430118869557,0.0472687391477859,0.0010620222533957,0.0,0.0259032008837509,0.0,0.0,0.0,498355.0,1.0,340569.0,0.6833863410620943,26331.0,0.0528358298803062,,,False,False,False,False,False,False,0,context_or_low_visibility,"China world-contribution module for the public-evidence-constrained burden-allocation framework. The module screens China's role as token-demand origin, modeled compute host and domestic infrastructure support context. It does not show observed provider routing, measured AI electricity, official 2024 dispatch, observed coal transport, physical fuel procurement, AI-induced water demand, causal burden transfer or fairness responsibility.",0.31664685390149017,0.0,0.0,0.7242043758643404,1.0408512297658306
Guangxi,0.0256094164025747,0.0246879107645783,0.0103682839295575,0.0003297621452322,0.0094649000620153,0.0,0.0,0.0,260285.0,1.0,119863.0,0.4605067522139194,61485.0,0.2362218337591486,,,False,False,False,False,False,False,0,context_or_low_visibility,"China world-contribution module for the public-evidence-constrained burden-allocation framework. The module screens China's role as token-demand origin, modeled compute host and domestic infrastructure support context. It does not show observed provider routing, measured AI electricity, official 2024 dispatch, observed coal transport, physical fuel procurement, AI-induced water demand, causal burden transfer or fairness responsibility.",0.2773018444706,0.002104925716230817,0.0,0.488012395082525,0.7674191652693558
Gansu,0.0239680142291768,0.0215450714800086,0.0024229427491681,0.0080014913584445,0.0102490611659418,0.0,0.0,0.0,227150.0,1.0,108056.0,0.4757032797710763,39601.0,0.174338542813119,,,False,False,False,False,False,False,0,context_or_low_visibility,"China world-contribution module for the public-evidence-constrained burden-allocation framework. The module screens China's role as token-demand origin, modeled compute host and domestic infrastructure support context. It does not show observed provider routing, measured AI electricity, official 2024 dispatch, observed coal transport, physical fuel procurement, AI-induced water demand, causal burden transfer or fairness responsibility.",0.2595285440936524,0.05107482824242577,0.0,0.5041165971912939,0.814719969527372
Liaoning,0.0179986618315552,0.0225682133952841,0.0019827831195921,0.0039363392064748,0.0094656750636528,0.0,0.0,0.0,237937.0,1.0,127178.0,0.5345028305812043,7770.999999999999,0.0326599057733769,,,False,False,False,False,False,False,0,context_or_low_visibility,"China world-contribution module for the public-evidence-constrained burden-allocation framework. The module screens China's role as token-demand origin, modeled compute host and domestic infrastructure support context. It does not show observed provider routing, measured AI electricity, official 2024 dispatch, observed coal transport, physical fuel procurement, AI-induced water demand, causal burden transfer or fairness responsibility.",0.19489167755463016,0.02512629706991409,0.0,0.5664281908490945,0.7864461654736388
Heilongjiang,0.0152969657572036,0.0130165808474024,0.0040843863085637,0.0050917331345968,0.008403324985791,0.0,0.0,0.0,137234.0,1.0,92457.0,0.6737178833233748,4748.0,0.0345978401853768,,,False,False,False,False,False,False,0,context_or_low_visibility,"China world-contribution module for the public-evidence-constrained burden-allocation framework. The module screens China's role as token-demand origin, modeled compute host and domestic infrastructure support context. It does not show observed provider routing, measured AI electricity, official 2024 dispatch, observed coal transport, physical fuel procurement, AI-induced water demand, causal burden transfer or fairness responsibility.",0.1656373871467723,0.032501365514985156,0.0,0.7139584300771331,0.9120971827388906
Jilin,0.0134483082521995,0.0111886406424157,0.0046436109284803,0.0007117439270716,0.0062046516391215,0.0,0.0,0.0,117962.0,1.0,67654.0,0.5735236771163595,12478.0,0.1057798274020447,,,False,False,False,False,False,False,0,context_or_low_visibility,"China world-contribution module for the public-evidence-constrained burden-allocation framework. The module screens China's role as token-demand origin, modeled compute host and domestic infrastructure support context. It does not show observed provider routing, measured AI electricity, official 2024 dispatch, observed coal transport, physical fuel procurement, AI-induced water demand, causal burden transfer or fairness responsibility.",0.14561990108330564,0.004543177915127874,0.0,0.6077797164982186,0.7579427954966521
Hainan,0.0049075949856505,0.0048875015993544,2.00933862961334e-05,0.0,0.0009624576461243,0.0,0.0,0.0,51529.0,1.0,31121.0,0.6039511731258127,3077.0,0.0597139474858817,,,False,False,False,False,False,False,0,context_or_low_visibility,"China world-contribution module for the public-evidence-constrained burden-allocation framework. The module screens China's role as token-demand origin, modeled compute host and domestic infrastructure support context. It does not show observed provider routing, measured AI electricity, official 2024 dispatch, observed coal transport, physical fuel procurement, AI-induced water demand, causal burden transfer or fairness responsibility.",0.05314002943459235,0.0,0.0,0.6400246187337442,0.6931646481683366
