analysis_year,sheet_name,province_name_en,province_name_cn,province_name_std,row_count,non_null_count,missing_count,annual_total_load_gwh,mean_hourly_load_gwh,peak_hourly_load_gwh,min_hourly_load_gwh,annual_share_of_national_total
2015,2015 load curve,Anhui,安徽,Anhui,8760,8760,0,163999.99999999988,18.721461187214597,29.687465733925436,13.78879833570969,0.028804777377711418
2015,2015 load curve,Beijing,北京,Beijing,8760,8760,0,95299.99999999977,10.878995433789928,21.166160171886425,5.577952468175004,0.016738385878633497
2015,2015 load curve,Chongqing,重庆,Chongqing,8760,8760,0,87500.00000000001,9.988584474885846,19.226242893792243,6.475678107981952,0.015368402564327753
2015,2015 load curve,Fujian,福建,Fujian,8760,8760,0,185199.9999999985,21.14155251141535,30.85658860858942,16.971600370413594,0.032528321770439725
2015,2015 load curve,Gansu,甘肃,Gansu,8760,8760,0,109899.99999999958,12.545662100456573,15.83330429261036,10.823295483259631,0.01930271362079558
2015,2015 load curve,Guangdong,广东,Guangdong,8760,8760,0,531099.9999999988,60.627853881278405,92.58803696148513,43.049209873300576,0.093281812593308
2015,2015 load curve,Guangxi,广西,Guangxi,8760,8760,0,133399.9999999996,15.228310502283058,20.335039435747518,11.189995957117096,0.023430227452357892
2015,2015 load curve,Guizhou,贵州,Guizhou,8760,8760,0,117400.00000000006,13.401826484018272,19.747891220580314,8.50720543723367,0.020620005269166613
2015,2015 load curve,Hainan,海南,Hainan,8760,8760,0,27200.000000000276,3.1050228310502597,4.113732093202936,2.320655769148999,0.004777377711425361
2015,2015 load curve,Hebei,河北,Hebei,8760,8760,0,317600.0000000007,36.25570776255716,53.18793580956783,28.01112720249398,0.05578291033634862
2015,2015 load curve,Heilongjiang,黑龙江,Heilongjiang,8760,8760,0,86899.99999999993,9.920091324200905,12.933084207985662,7.218058768439844,0.01526301923245806
2015,2015 load curve,Henan,河南,Henan,8760,8760,0,287999.99999999907,32.87671232876702,53.235795773025416,26.166598190483686,0.05058399929744432
2015,2015 load curve,Hubei,湖北,Hubei,8760,8760,0,166500.00000000023,19.00684931506852,31.572815145321883,14.654953493420246,0.02924387459383513
2015,2015 load curve,Hunan,湖南,Hunan,8760,8760,0,144800.00000000157,16.529680365296983,27.13020554162074,10.885616054483544,0.025432510757882082
2015,2015 load curve,Inner Mongolia,内蒙古,Inner Mongolia,8760,8760,0,254300.00000000105,29.029680365296922,31.542891138227123,26.959728500764424,0.04466496882409786
2015,2015 load curve,Jiangsu,江苏,Jiangsu,8760,8760,0,511499.99999999674,58.390410958903736,88.95310835576939,45.68671385240418,0.08983929041889821
2015,2015 load curve,Jiangxi,江西,Jiangxi,8760,8760,0,108699.99999999991,12.408675799086748,18.832872097306097,8.782886875671919,0.019091946957056287
2015,2015 load curve,Jilin,吉林,Jilin,8760,8760,0,65200.00000000002,7.4429223744292266,9.900322959917917,5.116457501149047,0.011451655396504796
2015,2015 load curve,Liaoning,辽宁,Liaoning,8760,8760,0,198499.9999999989,22.659817351598047,26.38749201572856,19.572042657926023,0.03486431896021761
2015,2015 load curve,Ningxia,宁夏,Ningxia,8760,8760,0,87800.00000000073,10.022831050228394,10.958456684568498,9.36162097848377,0.015421094230262715
2015,2015 load curve,Qinghai,青海,Qinghai,8760,8760,0,65799.99999999939,7.511415525114085,10.882451141758917,6.968076532687614,0.011557038728374361
2015,2015 load curve,Shaanxi,陕西,Shaanxi,8760,8760,0,122199.99999999972,13.949771689497686,24.032697779502406,9.816982814426565,0.02146307192412396
2015,2015 load curve,Shandong,山东,Shandong,8760,8760,0,511700.00000000163,58.41324200913261,80.2272691931583,49.235187317625766,0.08987441819618897
2015,2015 load curve,Shanghai,上海,Shanghai,8760,8760,0,140599.99999999977,16.050228310502256,29.944112441180852,10.391312290556426,0.024694827434794033
2015,2015 load curve,Shanxi,山西,Shanxi,8760,8760,0,173699.9999999994,19.8287671232876,24.36201721685722,16.584626878976355,0.030508474576271094
2015,2015 load curve,Sichuan,四川,Sichuan,8760,8760,0,199199.9999999987,22.73972602739711,35.80834083779408,16.18973933000536,0.0349872661807322
2015,2015 load curve,Tianjin,天津,Tianjin,8760,8760,0,80100.00000000026,9.143835616438386,15.027737960207972,6.524132563398872,0.014068674804601791
2015,2015 load curve,Tibet,西藏,Tibet,8760,8760,0,4100.000000000009,0.46803652968036635,0.6876534627479008,0.2840082260242223,0.0007201194344427876
2015,2015 load curve,Xinjiang,新疆,Xinjiang,8760,8760,0,215999.99999999983,24.657534246575324,29.85162152220144,22.57531644026881,0.03793799947308333
2015,2015 load curve,Yunnan,云南,Yunnan,8760,8760,0,143899.9999999997,16.42694063926937,20.05692729031162,13.013341597923088,0.025274435760077242
2015,2015 load curve,Zhejiang,浙江,Zhejiang,8760,8760,0,355400.0000000035,40.57077625570816,66.10944796886538,30.068003611428686,0.0624220602441387
2016,2016 load curve,Anhui,安徽,Anhui,8784,8784,0,179500.00000000058,20.434881602914455,33.88702037137861,14.708788375557058,0.030042343804917333
2016,2016 load curve,Beijing,北京,Beijing,8784,8784,0,101999.99999999965,11.612021857923457,20.243894981154348,5.906108327400693,0.01707141542117854
2016,2016 load curve,Chongqing,重庆,Chongqing,8784,8784,0,92500.00000000044,10.530510018214986,21.739021945182248,6.6150246179738295,0.015481430651559096
2016,2016 load curve,Fujian,福建,Fujian,8784,8784,0,196899.9999999979,22.415755919854043,32.13991132100237,17.820021020590442,0.03295452643558853
2016,2016 load curve,Gansu,甘肃,Gansu,8784,8784,0,106500.00000000029,12.124316939890743,15.327520011743157,10.38693431404323,0.01782456610152476
2016,2016 load curve,Guangdong,广东,Guangdong,8784,8784,0,561000.0000000047,63.866120218579766,98.87925504761347,46.30187497162531,0.09389278481648307
2016,2016 load curve,Guangxi,广西,Guangxi,8784,8784,0,136000.0000000004,15.48269581056471,20.767968509148915,11.210887660712057,0.022761887228238197
2016,2016 load curve,Guizhou,贵州,Guizhou,8784,8784,0,124200.00000000033,14.13934426229512,22.092253276651892,8.82987576078027,0.02078695877755282
2016,2016 load curve,Hainan,海南,Hainan,8784,8784,0,28699.999999999858,3.267304189435321,4.3416011477155845,2.4228952570226823,0.0048034276724296405
2016,2016 load curve,Hebei,河北,Hebei,8784,8784,0,326499.99999999907,37.16985428050991,51.66156022311121,28.503386413177864,0.05464526602955683
2016,2016 load curve,Heilongjiang,黑龙江,Heilongjiang,8784,8784,0,89700.00000000009,10.211748633879791,13.445781428818385,7.388020773495412,0.015012803561565898
2016,2016 load curve,Henan,河南,Henan,8784,8784,0,298899.9999999993,34.0277777777777,56.06001257121831,26.259852993931712,0.05002594185676736
2016,2016 load curve,Hubei,湖北,Hubei,8784,8784,0,176299.99999999956,20.07058287795988,33.92340509880751,14.985825271664822,0.02950676998778215
2016,2016 load curve,Hunan,湖南,Hunan,8784,8784,0,149600.00000000116,17.03096539162126,27.86644758792719,10.934347087962069,0.02503807595106214
2016,2016 load curve,Inner Mongolia,内蒙古,Inner Mongolia,8784,8784,0,260500.00000000044,29.656193078324275,32.591162978527706,27.486527368848026,0.043599056051147375
2016,2016 load curve,Jiangsu,江苏,Jiangsu,8784,8784,0,545899.9999999993,62.147085610200286,96.70459980002911,47.81557801106814,0.09136554586687631
2016,2016 load curve,Jiangxi,江西,Jiangxi,8784,8784,0,118300.00000000048,13.467668488160346,20.77505481345255,9.391667097481196,0.01979949455221016
2016,2016 load curve,Jilin,吉林,Jilin,8784,8784,0,66799.99999999996,7.604735883424403,10.317008382153166,5.135403290802718,0.011180103432693426
2016,2016 load curve,Liaoning,辽宁,Liaoning,8784,8784,0,203699.99999999948,23.189890710382453,27.716168882894348,19.89324521654181,0.0340926207970007
2016,2016 load curve,Ningxia,宁夏,Ningxia,8784,8784,0,88699.99999999971,10.097905282331478,11.161319701905905,9.411640763765162,0.014845436743711143
2016,2016 load curve,Qinghai,青海,Qinghai,8784,8784,0,63800.00000000023,7.2632058287796255,10.603442214302035,6.729823811233372,0.010678002979129396
2016,2016 load curve,Shaanxi,陕西,Shaanxi,8784,8784,0,135699.9999999998,15.448542805100159,25.5044399581477,10.857803845072825,0.02271167718288169
2016,2016 load curve,Shandong,山东,Shandong,8784,8784,0,539100.0,61.372950819672134,82.07303050762738,51.390863328041995,0.09022745150546453
2016,2016 load curve,Shanghai,上海,Shanghai,8784,8784,0,148599.99999999994,16.917122040072854,32.52558837909548,10.379833157283105,0.02487070913320724
2016,2016 load curve,Shanxi,山西,Shanxi,8784,8784,0,179700.00000000047,20.457650273224097,26.25891456734103,17.0932131693178,0.030075817168488252
2016,2016 load curve,Sichuan,四川,Sichuan,8784,8784,0,210100.0000000011,23.918488160291567,41.064279674105634,16.44528965536079,0.035163768431271
2016,2016 load curve,Tianjin,天津,Tianjin,8784,8784,0,80800.00000000012,9.198542805100196,14.167865483244071,6.4863695114290465,0.013523238882659144
2016,2016 load curve,Tibet,西藏,Tibet,8784,8784,0,4900.000000000002,0.5578324225865211,0.7888496643480875,0.36142843972805716,0.0008200974074879917
2016,2016 load curve,Xinjiang,新疆,Xinjiang,8784,8784,0,231599.9999999986,26.366120218579077,32.20811638346011,24.004709454830273,0.03876215501514646
2016,2016 load curve,Yunnan,云南,Yunnan,8784,8784,0,141099.99999999985,16.06329690346082,20.07494159758058,12.676849857716839,0.023615457999297033
2016,2016 load curve,Zhejiang,浙江,Zhejiang,8784,8784,0,387299.9999999985,44.091530054644636,72.80604018800474,32.323976618122764,0.064821168555122
2017,2017 load curve,Anhui,安徽,Anhui,8760,8760,0,192099.9999999986,21.929223744292077,40.035926952308216,15.54390472633796,0.03019111083170909
2017,2017 load curve,Beijing,北京,Beijing,8760,8760,0,106700.00000000026,12.180365296803682,22.903834959548707,6.321790718014954,0.016769346828440352
2017,2017 load curve,Chongqing,重庆,Chongqing,8760,8760,0,99700.00000000009,11.381278538812795,23.55745892093193,7.260145058686026,0.015669202238008436
2017,2017 load curve,Fujian,福建,Fujian,8760,8760,0,211300.0000000011,24.12100456621017,34.790709837326936,19.19102082258593,0.03320865027975123
2017,2017 load curve,Gansu,甘肃,Gansu,8760,8760,0,116399.99999999898,13.287671232876596,17.333774830620627,11.399121914199384,0.018293832903752905
2017,2017 load curve,Guangdong,广东,Guangdong,8760,8760,0,595900.0000000016,68.02511415525133,102.9069370319906,49.52866844704004,0.09365373734833747
2017,2017 load curve,Guangxi,广西,Guangxi,8760,8760,0,144499.999999999,16.495433789954227,22.05075294073533,12.015700209941825,0.022710127616772335
2017,2017 load curve,Guizhou,贵州,Guizhou,8760,8760,0,138600.0000000024,15.821917808219451,23.393726150808448,9.741263638050475,0.021782862890551705
2017,2017 load curve,Hainan,海南,Hainan,8760,8760,0,30500.000000000015,3.481735159817353,4.512480957015081,2.6106591428676538,0.004793487144024645
2017,2017 load curve,Hebei,河北,Hebei,8760,8760,0,344200.0000000007,39.292237442922456,56.68280781302087,30.169634584684662,0.0540956811466651
2017,2017 load curve,Heilongjiang,黑龙江,Heilongjiang,8760,8760,0,92900.00000000055,10.605022831050292,14.005122862261695,7.627979409420301,0.014600490350160394
2017,2017 load curve,Henan,河南,Henan,8760,8760,0,316600.00000000116,36.14155251141566,62.84950444706587,28.03604195305547,0.04975796819010517
2017,2017 load curve,Hubei,湖北,Hubei,8760,8760,0,186900.00000000017,21.335616438356183,38.63121777868133,16.06757229146024,0.029373860564531364
2017,2017 load curve,Hunan,湖南,Hunan,8760,8760,0,158200.00000000081,18.0593607305937,30.266354115064125,11.44165634190955,0.024863267743760735
2017,2017 load curve,Inner Mongolia,内蒙古,Inner Mongolia,8760,8760,0,289199.999999999,33.01369863013687,36.026258576915076,30.658203632307064,0.045451687936128596
2017,2017 load curve,Jiangsu,江苏,Jiangsu,8760,8760,0,580799.9999999993,66.30136986301362,110.5546282747746,50.781033454647606,0.0912805683032626
2017,2017 load curve,Jiangxi,江西,Jiangxi,8760,8760,0,129400.00000000038,14.771689497716938,22.955803897198756,10.234392477114922,0.020336958571698056
2017,2017 load curve,Jilin,吉林,Jilin,8760,8760,0,70299.99999999967,8.025114155251103,10.762166226070244,5.392283286810825,0.011048594958194453
2017,2017 load curve,Liaoning,辽宁,Liaoning,8760,8760,0,213499.9999999985,24.37214611872129,28.821008477313985,20.80458577955066,0.03355441000817227
2017,2017 load curve,Ningxia,宁夏,Ningxia,8760,8760,0,97799.99999999977,11.16438356164381,12.213236078931915,10.410233147717385,0.01537059156346259
2017,2017 load curve,Qinghai,青海,Qinghai,8760,8760,0,68699.99999999985,7.842465753424641,11.852302721375967,7.2859020155066725,0.010797133337524337
2017,2017 load curve,Shaanxi,陕西,Shaanxi,8760,8760,0,149499.99999999913,17.066210045662,30.4854180729942,11.994276827263219,0.023495945181366558
2017,2017 load curve,Shandong,山东,Shandong,8760,8760,0,542999.9999999978,61.98630136986276,86.47642918187265,51.148875956562385,0.08533978751493018
2017,2017 load curve,Shanghai,上海,Shanghai,8760,8760,0,152699.99999999988,17.431506849315056,35.36234227152735,10.668385600998086,0.023998868422706966
2017,2017 load curve,Shanxi,山西,Shanxi,8760,8760,0,199099.99999999965,22.728310502283065,28.710652563055046,18.993090170500157,0.03129125542214114
2017,2017 load curve,Sichuan,四川,Sichuan,8760,8760,0,220499.9999999989,25.171232876712203,42.25739914971777,17.34646196692036,0.03465455459860421
2017,2017 load curve,Tianjin,天津,Tianjin,8760,8760,0,80600.00000000032,9.200913242009168,14.979451778618278,6.448330047721981,0.012667379141258615
2017,2017 load curve,Tibet,西藏,Tibet,8760,8760,0,5800.000000000021,0.6621004566210069,0.9286742514441337,0.4320468217259876,0.0009115483749292797
2017,2017 load curve,Xinjiang,新疆,Xinjiang,8760,8760,0,254300.00000000087,29.029680365296905,35.640222600545556,26.419314280061815,0.03996668133526134
2017,2017 load curve,Yunnan,云南,Yunnan,8760,8760,0,153800.00000000003,17.55707762557078,21.64381692749526,13.799160341802095,0.024171748286917715
2017,2017 load curve,Zhejiang,浙江,Zhejiang,8760,8760,0,419300.0000000007,47.865296803653045,79.38050155764071,34.92208712530862,0.06589866096687004
2018,2018 load curve,Anhui,安徽,Anhui,8760,8760,0,213499.99999999977,24.372146118721435,41.372198977265505,17.080127197841236,0.030941580556803492
2018,2018 load curve,Beijing,北京,Beijing,8760,8760,0,114199.99999999996,13.036529680365291,25.7766564949415,6.484510773727346,0.016550484775582956
2018,2018 load curve,Chongqing,重庆,Chongqing,8760,8760,0,111900.00000000004,12.77397260273973,25.941874786106112,7.934963280057465,0.016217156273097496
2018,2018 load curve,Fujian,福建,Fujian,8760,8760,0,231400.0,26.41552511415525,37.19741682265515,21.138237952113982,0.03353574585875567
2018,2018 load curve,Gansu,甘肃,Gansu,8760,8760,0,129000.00000000003,14.726027397260276,18.137888553952088,12.586701775334669,0.018695381226359043
2018,2018 load curve,Guangdong,广东,Guangdong,8760,8760,0,632299.9999999999,72.18036529680364,117.63319370844577,50.26022343020183,0.09163635309633192
2018,2018 load curve,Guangxi,广西,Guangxi,8760,8760,0,170299.99999999983,19.440639269406372,25.989215868202955,14.216770297050713,0.02468080172751117
2018,2018 load curve,Guizhou,贵州,Guizhou,8760,8760,0,148200.0000000001,16.91780821917809,25.844696995996244,10.553058649147665,0.021477949594933418
2018,2018 load curve,Hainan,海南,Hainan,8760,8760,0,32700.00000000002,3.7328767123287694,4.943402880287241,2.791549525618264,0.004739061752728224
2018,2018 load curve,Hebei,河北,Hebei,8760,8760,0,366600.0,41.84931506849315,60.01998875481148,31.9494998113899,0.05312966478746685
2018,2018 load curve,Heilongjiang,黑龙江,Heilongjiang,8760,8760,0,97400.00000000003,11.118721461187217,15.077934951191885,7.944979192540056,0.014115737453080394
2018,2018 load curve,Henan,河南,Henan,8760,8760,0,341800.00000000035,39.01826484018269,67.4819530814043,29.88994129187741,0.04953551397805834
2018,2018 load curve,Hubei,湖北,Hubei,8760,8760,0,207099.99999999997,23.641552511415522,41.58870040815135,17.21922911084845,0.03001405776727873
2018,2018 load curve,Hunan,湖南,Hunan,8760,8760,0,174499.99999999997,19.92009132420091,32.79092968920746,12.436135704491967,0.025289488558136834
2018,2018 load curve,Inner Mongolia,内蒙古,Inner Mongolia,8760,8760,0,335300.00000000035,38.276255707762594,42.17147911873271,35.38026732415387,0.048593498644947226
2018,2018 load curve,Jiangsu,江苏,Jiangsu,8760,8760,0,612800.0000000006,69.95433789954345,108.20577511443663,53.817533257139615,0.08881030709699868
2018,2018 load curve,Jiangxi,江西,Jiangxi,8760,8760,0,142900.00000000006,16.31278538812786,23.740751589965363,11.366044169529172,0.020709844784858197
2018,2018 load curve,Jilin,吉林,Jilin,8760,8760,0,75099.99999999997,8.573059360730591,12.18397754721638,5.580488325733176,0.010883900233329948
2018,2018 load curve,Liaoning,辽宁,Liaoning,8760,8760,0,230199.99999999977,26.27853881278536,32.53743930174984,22.160683419729487,0.033361835335719736
2018,2018 load curve,Ningxia,宁夏,Ningxia,8760,8760,0,106499.99999999996,12.157534246575338,13.477758328940416,11.307718084215619,0.015434558919435943
2018,2018 load curve,Qinghai,青海,Qinghai,8760,8760,0,73800.00000000003,8.42465753424658,9.319872626646571,7.894431107290959,0.010695497166707733
2018,2018 load curve,Shaanxi,陕西,Shaanxi,8760,8760,0,159400.0000000001,18.19634703196348,29.39914377781997,12.61013627842482,0.023101114476601802
2018,2018 load curve,Shandong,山东,Shandong,8760,8760,0,591699.9999999997,67.54566210045658,95.37353945346004,55.655528771508955,0.085752380400284
2018,2018 load curve,Shanghai,上海,Shanghai,8760,8760,0,156700.0,17.88812785388128,32.270623489351564,11.055185990616241,0.022709815799771018
2018,2018 load curve,Shanxi,山西,Shanxi,8760,8760,0,216099.9999999999,24.668949771689487,30.712037807380693,20.41622864851934,0.03131838669004796
2018,2018 load curve,Sichuan,四川,Sichuan,8760,8760,0,245900.0000000001,28.070776255707774,45.78263459288342,19.28811699070812,0.03563716467877279
2018,2018 load curve,Tianjin,天津,Tianjin,8760,8760,0,86100.0,9.82876712328767,16.239695476478083,6.806331705582262,0.012478080027825683
2018,2018 load curve,Tibet,西藏,Tibet,8760,8760,0,6899.9999999999945,0.7876712328767117,1.165522108020292,0.4754516239991327,0.000999985507456413
2018,2018 load curve,Xinjiang,新疆,Xinjiang,8760,8760,0,268599.99999999965,30.662100456620966,37.99027368969026,27.75153687429576,0.03892697207286846
2018,2018 load curve,Yunnan,云南,Yunnan,8760,8760,0,167900.0,19.166666666666668,23.974208974179618,14.906138245522468,0.0243329806814394
2018,2018 load curve,Zhejiang,浙江,Zhejiang,8760,8760,0,453299.9999999999,51.74657534246574,81.3945738663263,37.917798698174195,0.06569470007681047
2019,2019 load curve,Anhui,安徽,Anhui,8760,8760,0,230099.999999999,26.26712328767112,48.445489763996626,17.244557906824344,0.03174493681364146
2019,2019 load curve,Beijing,北京,Beijing,8760,8760,0,116599.99999999991,13.310502283105013,25.879258071338377,6.903623989304576,0.0160863087026102
2019,2019 load curve,Chongqing,重庆,Chongqing,8760,8760,0,115999.99999999977,13.242009132420065,26.277492374867258,8.422282724275586,0.016003531813917504
2019,2019 load curve,Fujian,福建,Fujian,8760,8760,0,240200.00000000175,27.420091324201113,39.75097907699141,21.756603893617218,0.03313834777330189
2019,2019 load curve,Gansu,甘肃,Gansu,8760,8760,0,128800.00000000044,14.703196347032014,18.889573016639627,12.490590559078687,0.017769438772694702
2019,2019 load curve,Guangdong,广东,Guangdong,8760,8760,0,669600.0,76.43835616438356,119.09416144289386,52.61658790907218,0.09237900778102744
2019,2019 load curve,Guangxi,广西,Guangxi,8760,8760,0,190699.9999999997,21.76940639269403,28.58541322867158,15.872813320461251,0.02630925445615577
2019,2019 load curve,Guizhou,贵州,Guizhou,8760,8760,0,154100.00000000058,17.59132420091331,26.693884358463855,11.00491411298126,0.0212598642459026
2019,2019 load curve,Hainan,海南,Hainan,8760,8760,0,35500.00000000018,4.052511415525135,5.536604322722481,2.974268636519271,0.004897632580983409
2019,2019 load curve,Hebei,河北,Hebei,8760,8760,0,385599.9999999984,44.01826484018247,62.953915493576375,34.01191090219237,0.053197947133160145
2019,2019 load curve,Heilongjiang,黑龙江,Heilongjiang,8760,8760,0,99600.00000000012,11.369863013698643,15.266393622621154,8.168424884947932,0.013740963522984383
2019,2019 load curve,Henan,河南,Henan,8760,8760,0,336400.0000000012,38.40182648401841,66.08395685434068,27.08004153141374,0.04641024226036102
2019,2019 load curve,Hubei,湖北,Hubei,8760,8760,0,221400.00000000032,25.27397260273976,44.945916213494414,18.53660379184234,0.030544671927597824
2019,2019 load curve,Hunan,湖南,Hunan,8760,8760,0,186399.9999999991,21.278538812785285,34.65361440339417,13.262267387806768,0.025716020087191503
2019,2019 load curve,Inner Mongolia,内蒙古,Inner Mongolia,8760,8760,0,365300.00000000006,41.700913242009136,45.823896266884816,38.63627950131729,0.0503973290657248
2019,2019 load curve,Jiangsu,江苏,Jiangsu,8760,8760,0,626400.0000000009,71.50684931506859,111.4582579733153,55.765511936326696,0.08641907179515482
2019,2019 load curve,Jiangxi,江西,Jiangxi,8760,8760,0,153600.00000000055,17.53424657534253,25.989151472129954,12.22458933301976,0.021190883505325366
2019,2019 load curve,Jilin,吉林,Jilin,8760,8760,0,77999.99999999994,8.90410958904109,12.846587262560737,5.7185261457213565,0.01076099553004799
2019,2019 load curve,Liaoning,辽宁,Liaoning,8760,8760,0,240100.00000000058,27.408675799086826,33.30382598713166,23.06575213621623,0.03312455162518629
2019,2019 load curve,Ningxia,宁夏,Ningxia,8760,8760,0,108400.0000000007,12.374429223744372,13.679378222030676,11.511013512721627,0.014955024557143724
2019,2019 load curve,Qinghai,青海,Qinghai,8760,8760,0,71600.00000000017,8.17351598173518,9.712005034909337,7.6888166751111395,0.009878042050659468
2019,2019 load curve,Shaanxi,陕西,Shaanxi,8760,8760,0,191200.00000000052,21.8264840182649,34.871475760921626,15.650365549946565,0.026378235196733112
2019,2019 load curve,Shandong,山东,Shandong,8760,8760,0,621900.0,70.9931506849315,103.29376849593527,57.74544871909406,0.08579824512995962
2019,2019 load curve,Shanghai,上海,Shanghai,8760,8760,0,156900.00000000067,17.910958904109666,32.456004548572096,11.421455624477366,0.021646156393135104
2019,2019 load curve,Shanxi,山西,Shanxi,8760,8760,0,226200.00000000064,25.82191780821925,31.9745021866257,21.5098824350311,0.031206887037139284
2019,2019 load curve,Sichuan,四川,Sichuan,8760,8760,0,263600.0000000002,30.091324200913263,49.5429558471571,20.771755071252493,0.03636664643231608
2019,2019 load curve,Tianjin,天津,Tianjin,8760,8760,0,87800.00000000026,10.02283105022834,16.7198030587661,7.030761805019355,0.012113018045361757
2019,2019 load curve,Tibet,西藏,Tibet,8760,8760,0,7799.999999999997,0.8904109589041093,1.274336148641633,0.5510503653029186,0.0010760995530047994
2019,2019 load curve,Xinjiang,新疆,Xinjiang,8760,8760,0,286799.9999999992,32.73972602739717,40.39301556723544,29.700746364921137,0.03956735279509945
2019,2019 load curve,Yunnan,云南,Yunnan,8760,8760,0,181200.0000000026,20.684931506849612,25.846212283803276,16.16702914478449,0.024998620385188783
2019,2019 load curve,Zhejiang,浙江,Zhejiang,8760,8760,0,470600.0000000006,53.72146118721468,82.80252875037601,39.65235705151602,0.06492467303128967
2020,2020 load curve,Anhui,安徽,Anhui,8784,8784,0,242799.99999999968,27.64116575591982,44.907808095692666,19.88062025640749,0.032281224240167904
2020,2020 load curve,Beijing,北京,Beijing,8784,8784,0,114000.00000000084,12.978142076502829,23.507187234635154,6.6678198314872095,0.015156752732204173
2020,2020 load curve,Chongqing,重庆,Chongqing,8784,8784,0,118600.0000000002,13.501821493624796,26.540153364105123,8.482611506385394,0.015768341000345656
2020,2020 load curve,Fujian,福建,Fujian,8784,8784,0,248299.99999999988,28.267304189435325,41.768766335380484,22.481606469462207,0.03301247108251111
2020,2020 load curve,Gansu,甘肃,Gansu,8784,8784,0,137600.0000000009,15.664845173041996,19.08324426302545,13.314599651796295,0.01829446645571309
2020,2020 load curve,Guangdong,广东,Guangdong,8784,8784,0,692599.9999999988,78.84790528233138,123.4609313053898,55.49831667483339,0.09208392054670626
2020,2020 load curve,Guangxi,广西,Guangxi,8784,8784,0,202899.99999999936,23.098816029143826,30.321094169493914,16.736511438702244,0.02697636078389644
2020,2020 load curve,Guizhou,贵州,Guizhou,8784,8784,0,158600.00000000358,18.055555555555962,27.522577665253053,10.987820337867944,0.021086499853751037
2020,2020 load curve,Hainan,海南,Hainan,8784,8784,0,36299.99999999992,4.132513661202177,5.658987866621616,3.02136864060393,0.004826229159464967
2020,2020 load curve,Hebei,河北,Hebei,8784,8784,0,393400.000000002,44.78597449908948,61.40032167894253,34.551576014509706,0.05230409232323778
2020,2020 load curve,Heilongjiang,黑龙江,Heilongjiang,8784,8784,0,101400.00000000016,11.543715846994553,15.467505109861758,8.18577234279149,0.013481532693381527
2020,2020 load curve,Henan,河南,Henan,8784,8784,0,339199.9999999998,38.61566484517302,65.98450992288075,29.43315527615505,0.04509798707687381
2020,2020 load curve,Hubei,湖北,Hubei,8784,8784,0,214399.9999999992,24.408014571948907,40.143151963239006,18.18282828182057,0.028505331454250337
2020,2020 load curve,Hunan,湖南,Hunan,8784,8784,0,192899.99999999983,21.960382513661184,34.93642470567836,13.563381005315218,0.025646821070545268
2020,2020 load curve,Inner Mongolia,内蒙古,Inner Mongolia,8784,8784,0,390000.000000003,44.39890710382548,48.89387429636831,41.14382265153937,0.0518520488206985
2020,2020 load curve,Jiangsu,江苏,Jiangsu,8784,8784,0,637400.0000000037,72.56375227686746,108.5080108302918,56.40625900220182,0.0847448613290081
2020,2020 load curve,Jiangxi,江西,Jiangxi,8784,8784,0,162700.00000000035,18.5223132969035,26.273370910056286,12.939056933766263,0.021631611136224613
2020,2020 load curve,Jilin,吉林,Jilin,8784,8784,0,80500.00000000009,9.16438979963571,13.221738668007808,5.743467275747479,0.01070279469247744
2020,2020 load curve,Liaoning,辽宁,Liaoning,8784,8784,0,242300.00000000073,27.5842440801458,34.0823502748335,23.09234247342426,0.03221474725450048
2020,2020 load curve,Ningxia,宁夏,Ningxia,8784,8784,0,103800.00000000058,11.816939890710449,13.146381800474364,10.973067963579632,0.01380062222458588
2020,2020 load curve,Qinghai,青海,Qinghai,8784,8784,0,74199.99999999971,8.447176684881569,9.024242260281543,7.957488390271764,0.009865184673066112
2020,2020 load curve,Shaanxi,陕西,Shaanxi,8784,8784,0,174100.00000000058,19.8201275045538,33.73056854397811,13.796857826980535,0.02314728640944505
2020,2020 load curve,Shandong,山东,Shandong,8784,8784,0,694000.0000000079,79.0072859745,107.30932843492214,66.8962246397837,0.09227005610657665
2020,2020 load curve,Shanghai,上海,Shanghai,8784,8784,0,157600.00000000087,17.941712204007384,32.61009917678962,11.500772963690263,0.020953545882415554
2020,2020 load curve,Shanxi,山西,Shanxi,8784,8784,0,234199.99999999878,26.662112932604597,33.835007195752354,22.15232041444821,0.03113782008668572
2020,2020 load curve,Sichuan,四川,Sichuan,8784,8784,0,286499.9999999994,32.61612021857917,52.413238232269705,22.662299491094913,0.03809131278751276
2020,2020 load curve,Tianjin,天津,Tianjin,8784,8784,0,87499.99999999964,9.961293260473546,16.539393848297216,7.012337894585286,0.011633472491823244
2020,2020 load curve,Tibet,西藏,Tibet,8784,8784,0,8200.000000000005,0.9335154826958112,1.3101137128714333,0.6023757420995084,0.001090222564948012
2020,2020 load curve,Xinjiang,新疆,Xinjiang,8784,8784,0,309900.0000000009,35.28005464480884,41.735676416260475,32.12093313628864,0.04120243571675484
2020,2020 load curve,Yunnan,云南,Yunnan,8784,8784,0,202500.00000000396,23.05327868852504,28.709389603035113,17.912509037936058,0.026923179195363002
2020,2020 load curve,Zhejiang,浙江,Zhejiang,8784,8784,0,483000.0,54.986338797814206,84.7545814623215,40.55615083146418,0.06421676815486457
2021,2021 load curve,Anhui,安徽,Anhui,8760,8760,0,271500.000000002,30.993150684931734,46.78510785670133,22.33604889594733,0.032586778049834626
2021,2021 load curve,Beijing,北京,Beijing,8760,8760,0,123299.99999999993,14.075342465753417,25.67692430081883,7.410716046374706,0.01479907820826732
2021,2021 load curve,Chongqing,重庆,Chongqing,8760,8760,0,134099.99999999948,15.308219178082132,30.914564549482183,9.843834510194164,0.016095347832349078
2021,2021 load curve,Fujian,福建,Fujian,8760,8760,0,283700.00000000035,32.38584474885849,47.673134756901405,25.67142345417331,0.0340510826251861
2021,2021 load curve,Gansu,甘肃,Gansu,8760,8760,0,149499.9999999985,17.06621004566193,22.062027688537285,14.580328218819643,0.017943732296317464
2021,2021 load curve,Guangdong,广东,Guangdong,8760,8760,0,786700.0000000017,89.80593607305956,140.5913964101766,58.13529684985374,0.09442364011714464
2021,2021 load curve,Guangxi,广西,Guangxi,8760,8760,0,223800.00000000087,25.54794520547955,33.54190018175826,18.577330225360562,0.026861587210139832
2021,2021 load curve,Guizhou,贵州,Guizhou,8760,8760,0,174300.0000000018,19.897260273972808,31.549281507924448,12.246910173987258,0.020920351433098314
2021,2021 load curve,Hainan,海南,Hainan,8760,8760,0,40499.99999999951,4.623287671232821,6.343292569849558,3.385400525131676,0.004861011090306728
2021,2021 load curve,Hebei,河北,Hebei,8760,8760,0,429399.99999999977,49.018264840182624,67.48975987936998,37.91938820019713,0.05153872005377119
2021,2021 load curve,Heilongjiang,黑龙江,Heilongjiang,8760,8760,0,108900.00000000012,12.431506849315081,17.518243525903422,8.645846867284567,0.013070718709491598
2021,2021 load curve,Henan,河南,Henan,8760,8760,0,364700.00000000035,41.63242009132424,72.24726615003263,31.529886917207257,0.04377310480579968
2021,2021 load curve,Hubei,湖北,Hubei,8760,8760,0,247200.00000000108,28.219178082191902,46.7497973827428,21.461246564584975,0.029670171395650445
2021,2021 load curve,Hunan,湖南,Hunan,8760,8760,0,215499.99999999852,24.600456621004398,39.421143474650165,15.729317686777533,0.02586537999903964
2021,2021 load curve,Inner Mongolia,内蒙古,Inner Mongolia,8760,8760,0,395699.9999999966,45.17123287671194,50.16771089158678,41.78788521869836,0.047493878726774796
2021,2021 load curve,Jiangsu,江苏,Jiangsu,8760,8760,0,710099.9999999967,81.06164383561607,115.72833965780018,63.61540969491848,0.0852297277833786
2021,2021 load curve,Jiangxi,江西,Jiangxi,8760,8760,0,186299.99999999913,21.267123287671133,29.76252779785401,15.019185072746359,0.022360651015411116
2021,2021 load curve,Jilin,吉林,Jilin,8760,8760,0,84300.00000000032,9.623287671232914,14.468745113632295,5.99116565903719,0.01011810456574972
2021,2021 load curve,Liaoning,辽宁,Liaoning,8760,8760,0,257600.0000000007,29.406392694064007,37.76655299702155,24.368210641539136,0.030918431033655106
2021,2021 load curve,Ningxia,宁夏,Ningxia,8760,8760,0,115799.9999999996,13.219178082191736,14.738627264992187,12.250613289957553,0.013898890969321582
2021,2021 load curve,Qinghai,青海,Qinghai,8760,8760,0,85800.00000000096,9.794520547945314,11.908491529581777,9.165734949568979,0.010298142013538939
2021,2021 load curve,Shaanxi,陕西,Shaanxi,8760,8760,0,221699.9999999997,25.308219178082158,40.38258143251382,18.093502037390554,0.026609534783234894
2021,2021 load curve,Shandong,山东,Shandong,8760,8760,0,738299.9999999953,84.28082191780769,114.1235255122056,71.40036828524745,0.08861443180181428
2021,2021 load curve,Shanghai,上海,Shanghai,8760,8760,0,174999.99999999846,19.977168949771514,32.85451733621919,12.87979703077739,0.021004368908732845
2021,2021 load curve,Shanxi,山西,Shanxi,8760,8760,0,260800.00000000102,29.771689497717013,38.075859594489486,24.78510573585257,0.03130251092227197
2021,2021 load curve,Sichuan,四川,Sichuan,8760,8760,0,327500.0000000018,37.38584474885865,62.87264821446722,26.03975169267206,0.03930817610062917
2021,2021 load curve,Tianjin,天津,Tianjin,8760,8760,0,98200.00000000035,11.210045662100496,16.60234985699101,7.954006293000445,0.011786451581929092
2021,2021 load curve,Tibet,西藏,Tibet,8760,8760,0,10100.000000000047,1.1529680365296857,1.5739329693735429,0.7710814334313706,0.0012122521484468835
2021,2021 load curve,Xinjiang,新疆,Xinjiang,8760,8760,0,345999.9999999987,39.497716894977025,47.662351849944386,36.019065553025236,0.04152863795669487
2021,2021 load curve,Yunnan,云南,Yunnan,8760,8760,0,213900.00000000125,24.417808219178227,31.150929562781897,19.011248146730836,0.025673340054731552
2021,2021 load curve,Zhejiang,浙江,Zhejiang,8760,8760,0,551400.0000000012,62.945205479452184,94.05991928753933,46.65862723826096,0.0661817658072881
2022,2022 load curve,Anhui,安徽,Anhui,8760,8760,0,299300.0000000021,34.166666666666906,57.19157207028357,23.863369958250892,0.03465283486355391
2022,2022 load curve,Beijing,北京,Beijing,8760,8760,0,128099.99999999962,14.623287671232834,27.474649157597966,7.502117928325309,0.014831367009760144
2022,2022 load curve,Chongqing,重庆,Chongqing,8760,8760,0,140399.9999999989,16.027397260273847,33.70211730657047,9.96612584882179,0.01625545611374172
2022,2022 load curve,Fujian,福建,Fujian,8760,8760,0,289999.9999999982,33.10502283105002,48.02791615492143,26.358609303282208,0.03357608456542098
2022,2022 load curve,Gansu,甘肃,Gansu,8760,8760,0,150099.99999999886,17.1347031963469,22.63401706548781,14.617714354877647,0.017378518252654077
2022,2022 load curve,Guangdong,广东,Guangdong,8760,8760,0,787000.0000000021,89.84018264840206,140.21207814202853,62.04743454509868,0.09111854673443637
2022,2022 load curve,Guangxi,广西,Guangxi,8760,8760,0,221699.99999999796,25.30821917808196,33.340019571848565,18.318806367970517,0.025668337752254515
2022,2022 load curve,Guizhou,贵州,Guizhou,8760,8760,0,174299.99999999974,19.897260273972574,30.94264507396732,11.795982148909467,0.020180384619837604
2022,2022 load curve,Hainan,海南,Hainan,8760,8760,0,41499.999999999694,4.737442922374394,6.422977594979608,3.5284452715869916,0.004804853480913687
2022,2022 load curve,Hebei,河北,Hebei,8760,8760,0,434400.00000000175,49.58904109589061,69.1484884653598,37.97581870644923,0.05029465908696215
2022,2022 load curve,Heilongjiang,黑龙江,Heilongjiang,8760,8760,0,113900.00000000035,13.00228310502287,17.770901618394493,9.032136974862896,0.013187296662074088
2022,2022 load curve,Henan,河南,Henan,8760,8760,0,390800.00000000204,44.611872146118955,80.92886090057115,31.968665259696415,0.04524666844195403
2022,2022 load curve,Hubei,湖北,Hubei,8760,8760,0,264800.0000000006,30.228310502283172,52.3453212000927,22.441996536870565,0.03065843859628811
2022,2022 load curve,Hunan,湖南,Hunan,8760,8760,0,223600.0000000022,25.525114155251394,40.558966130064285,15.94554907748834,0.025888318995959492
2022,2022 load curve,Inner Mongolia,内蒙古,Inner Mongolia,8760,8760,0,419999.999999998,47.94520547945183,52.558061695649315,44.40218600697579,0.04862743281888564
2022,2022 load curve,Jiangsu,江苏,Jiangsu,8760,8760,0,739999.9999999973,84.47488584474856,133.87135164217776,64.58911504783491,0.08567690544279859
2022,2022 load curve,Jiangxi,江西,Jiangxi,8760,8760,0,198300.000000001,22.636986301369976,33.277060935629166,15.831343134156116,0.022959095066631227
2022,2022 load curve,Jilin,吉林,Jilin,8760,8760,0,85200.00000000006,9.72602739726028,14.002595735534605,6.001125395346113,0.009864422086116853
2022,2022 load curve,Liaoning,辽宁,Liaoning,8760,8760,0,255100.00000000148,29.121004566210214,36.7213323393345,23.985265853492468,0.029535376457375848
2022,2022 load curve,Ningxia,宁夏,Ningxia,8760,8760,0,124999.99999999959,14.269406392694018,15.798750139417967,13.235961596203122,0.014472450243715984
2022,2022 load curve,Qinghai,青海,Qinghai,8760,8760,0,92200.0000000002,10.525114155251165,15.737487456908557,9.865795644125743,0.010674879299764968
2022,2022 load curve,Shaanxi,陕西,Shaanxi,8760,8760,0,237600.0000000003,27.12328767123291,44.6408388561464,19.179914134981843,0.027509233423255466
2022,2022 load curve,Shandong,山东,Shandong,8760,8760,0,755900.0000000063,86.28995433790026,119.24624709352545,71.89475020388298,0.08751780111380031
2022,2022 load curve,Shanghai,上海,Shanghai,8760,8760,0,174600.00000000172,19.931506849315266,39.790999463108236,12.334376661048294,0.02021511850042275
2022,2022 load curve,Shanxi,山西,Shanxi,8760,8760,0,272100.00000000105,31.061643835616557,38.7435804120644,25.86484811451159,0.03150362969052118
2022,2022 load curve,Sichuan,四川,Sichuan,8760,8760,0,344700.00000000175,39.34931506849335,67.67548768992808,26.8820796804324,0.03990922879207153
2022,2022 load curve,Tianjin,天津,Tianjin,8760,8760,0,99099.99999999994,11.312785388127848,17.529129531391746,7.8969923218500675,0.011473758553218062
2022,2022 load curve,Tibet,西藏,Tibet,8760,8760,0,11899.999999999896,1.358447488584463,1.8530351613721985,0.9143041953129457,0.0013777772632017542
2022,2022 load curve,Xinjiang,新疆,Xinjiang,8760,8760,0,346599.9999999992,39.56621004566201,48.25263085706449,36.01904038293437,0.040129210035775714
2022,2022 load curve,Yunnan,云南,Yunnan,8760,8760,0,239000.00000001027,27.283105022832224,34.33166296540184,21.184321718954635,0.02767132486598624
2022,2022 load curve,Zhejiang,浙江,Zhejiang,8760,8760,0,579899.9999999977,66.19863013698604,107.42414348625434,48.31309421168373,0.06714059117064713
2023,2023 load curve,Anhui,安徽,Anhui,8760,8760,0,321400.00000000064,36.68949771689505,56.04564265919272,26.818808730486186,0.03484464103731658
2023,2023 load curve,Beijing,北京,Beijing,8760,8760,0,135799.99999999953,15.502283105022778,28.811265497920804,8.512429038492826,0.014722782367353972
2023,2023 load curve,Chongqing,重庆,Chongqing,8760,8760,0,145299.99999999933,16.586757990867504,33.20481420994962,10.558637614178334,0.015752726641947934
2023,2023 load curve,Fujian,福建,Fujian,8760,8760,0,308999.9999999984,35.27397260273955,50.247326671679836,28.095658340377987,0.033500292721004195
2023,2023 load curve,Gansu,甘肃,Gansu,8760,8760,0,164499.99999999988,18.778538812785374,24.193945145448957,15.932963597955435,0.01783429822849584
2023,2023 load curve,Guangdong,广东,Guangdong,8760,8760,0,850200.0000000044,97.05479452054846,151.40283267351535,69.94684958727318,0.0921745918168222
2023,2023 load curve,Guangxi,广西,Guangxi,8760,8760,0,244800.0000000012,27.94520547945219,38.44853173805217,20.26185533676839,0.02654003772848514
2023,2023 load curve,Guizhou,贵州,Guizhou,8760,8760,0,178200.00000000288,20.342465753424985,32.76986726966213,12.401088793082812,0.01931958628764749
2023,2023 load curve,Hainan,海南,Hainan,8760,8760,0,48199.99999999982,5.50228310502281,7.334687484447994,4.048394733576654,0.005225612003729464
2023,2023 load curve,Hebei,河北,Hebei,8760,8760,0,475700.00000000064,54.3036529680366,78.33005261794497,41.46411246596061,0.05157310436045889
2023,2023 load curve,Heilongjiang,黑龙江,Heilongjiang,8760,8760,0,118399.99999999977,13.51598173515979,19.102521247206095,9.19677467234646,0.012836358117045013
2023,2023 load curve,Henan,河南,Henan,8760,8760,0,409000.00000000454,46.689497716895495,79.70435100278219,34.62445454902017,0.044341811400941546
2023,2023 load curve,Hubei,湖北,Hubei,8760,8760,0,270599.9999999995,30.89041095890405,52.14642782781266,23.127942070356827,0.02933714954790862
2023,2023 load curve,Hunan,湖南,Hunan,8760,8760,0,227700.0000000013,25.993150684931656,43.73331219062723,16.18831171090241,0.02468613803421598
2023,2023 load curve,Inner Mongolia,内蒙古,Inner Mongolia,8760,8760,0,482300.0000000008,55.05707762557087,60.63617833333464,51.0847481930866,0.05228864459333473
2023,2023 load curve,Jiangsu,江苏,Jiangsu,8760,8760,0,783299.9999999999,89.41780821917807,131.80236607907344,69.39503772367573,0.08492161581994406
2023,2023 load curve,Jiangxi,江西,Jiangxi,8760,8760,0,202600.0000000007,23.127853881278618,34.43199319259783,16.200969311246425,0.021964916845551807
2023,2023 load curve,Jilin,吉林,Jilin,8760,8760,0,92799.99999999999,10.593607305936072,15.965943147440985,6.375763297176449,0.010060929334981244
2023,2023 load curve,Liaoning,辽宁,Liaoning,8760,8760,0,266299.99999999965,30.399543378995393,39.07284909275687,24.841921127265437,0.028870964244671362
2023,2023 load curve,Ningxia,宁夏,Ningxia,8760,8760,0,138700.0000000001,15.833333333333343,17.59407231956709,14.668184782392691,0.015037186409072196
2023,2023 load curve,Qinghai,青海,Qinghai,8760,8760,0,101799.9999999993,11.621004566209965,16.927904519612326,10.492186730776856,0.011036666016175473
2023,2023 load curve,Shaanxi,陕西,Shaanxi,8760,8760,0,244999.99999999936,27.968036529680294,45.03789641433593,19.868361470767823,0.026561720765844815
2023,2023 load curve,Shandong,山东,Shandong,8760,8760,0,796599.9999999986,90.93607305936057,125.68008482641402,74.87470036192738,0.0863635378043755
2023,2023 load curve,Shanghai,上海,Shanghai,8760,8760,0,184900.00000000081,21.107305936073153,35.62914460991589,13.62881369081622,0.020045968039203024
2023,2023 load curve,Shanxi,山西,Shanxi,8760,8760,0,288499.9999999987,32.933789954337755,42.946181446167365,26.966538545780974,0.03127778139161721
2023,2023 load curve,Sichuan,四川,Sichuan,8760,8760,0,371100.0000000006,42.363013698630205,72.19136580939758,29.59600080136148,0.04023287582124511
2023,2023 load curve,Tianjin,天津,Tianjin,8760,8760,0,105100.00000000058,11.997716894977236,19.52386116566915,8.348762683679611,0.011394436132613522
2023,2023 load curve,Tibet,西藏,Tibet,8760,8760,0,13499.99999999993,1.541095890410951,2.225386928306394,0.9557759943812989,0.0014636050217914454
2023,2023 load curve,Xinjiang,新疆,Xinjiang,8760,8760,0,382099.99999999895,43.61872146118709,54.904982869959206,39.53651720321253,0.04142544287603797
2023,2023 load curve,Yunnan,云南,Yunnan,8760,8760,0,251199.99999999336,28.675799086757234,38.68366508428434,21.43413682874343,0.02723389492400024
2023,2023 load curve,Zhejiang,浙江,Zhejiang,8760,8760,0,619199.9999999949,70.68493150684873,107.9784097363626,52.267291337402284,0.06713068366616741
2024,2024 load curve,Anhui,安徽,Anhui,8784,8784,0,359800.0,40.9608378870674,61.747532447170585,30.41794787872182,0.03651309113050538
2024,2024 load curve,Beijing,北京,Beijing,8784,8784,0,138900.0,15.812841530054644,27.37481095315404,8.713683538570354,0.014095798660442459
2024,2024 load curve,Chongqing,重庆,Chongqing,8784,8784,0,161200.00000000003,18.35154826958106,36.410063380600235,11.434609717549183,0.01635883905013193
2024,2024 load curve,Fujian,福建,Fujian,8784,8784,0,333100.0,37.9212204007286,53.70477015627996,30.05129452433134,0.0338035315607875
2024,2024 load curve,Gansu,甘肃,Gansu,8784,8784,0,174600.0,19.87704918032787,25.47618435743999,16.81526977855721,0.0177186929165821
2024,2024 load curve,Guangdong,广东,Guangdong,8784,8784,0,912099.9999999999,103.83652094717667,153.62419815629087,76.13614118641685,0.0925613963872539
2024,2024 load curve,Guangxi,广西,Guangxi,8784,8784,0,256300.0,29.178051001821494,39.4106665607791,21.16500901182951,0.026009742236655167
2024,2024 load curve,Guizhou,贵州,Guizhou,8784,8784,0,190199.99999999994,21.653005464480866,36.61421000562603,13.22265736208194,0.019301806373046473
2024,2024 load curve,Hainan,海南,Hainan,8784,8784,0,51899.99999999999,5.908469945355191,7.976748195455944,4.357314414486236,0.005266896691698802
2024,2024 load curve,Hebei,河北,Hebei,8784,8784,0,498699.9999999999,56.773679417122025,82.41013447990791,43.85092234212929,0.050608889790947825
2024,2024 load curve,Heilongjiang,黑龙江,Heilongjiang,8784,8784,0,120800.0,13.752276867030965,19.11649181913493,9.458834139056822,0.012258981124416481
2024,2024 load curve,Henan,河南,Henan,8784,8784,0,432000.0000000001,49.18032786885247,89.90315538400684,36.067512664339326,0.04384006494824438
2024,2024 load curve,Hubei,湖北,Hubei,8784,8784,0,294400.0,33.51548269581056,54.58871065061631,25.140001501582198,0.02987619240917394
2024,2024 load curve,Hunan,湖南,Hunan,8784,8784,0,237400.00000000006,27.026411657559205,45.216269633900225,16.851863172714108,0.02409173939516948
2024,2024 load curve,Inner Mongolia,内蒙古,Inner Mongolia,8784,8784,0,519299.9999999998,59.118852459016374,64.77163151074888,54.8539069690676,0.0526994114065354
2024,2024 load curve,Jiangsu,江苏,Jiangsu,8784,8784,0,848700.0000000002,96.61885245901642,139.97533827303928,74.68567412352942,0.08612746092957177
2024,2024 load curve,Jiangxi,江西,Jiangxi,8784,8784,0,217999.99999999994,24.817850637522763,36.34214532392959,17.258179896449757,0.022122995737771458
2024,2024 load curve,Jilin,吉林,Jilin,8784,8784,0,95000.0,10.81511839708561,16.078452477069398,6.672950091718432,0.009640755023340775
2024,2024 load curve,Liaoning,辽宁,Liaoning,8784,8784,0,273400.0,31.124772313296905,39.50446228928837,25.626652626181546,0.027745078140856506
2024,2024 load curve,Ningxia,宁夏,Ningxia,8784,8784,0,139000.0,15.824225865209472,17.65024819754569,14.65419211683682,0.014105946823624925
2024,2024 load curve,Qinghai,青海,Qinghai,8784,8784,0,105400.0,11.999089253187615,14.140265601018477,10.777618383992875,0.010696163994317028
2024,2024 load curve,Shaanxi,陕西,Shaanxi,8784,8784,0,260000.0,29.59927140255009,45.64297458081019,21.317786906866637,0.026385224274406333
2024,2024 load curve,Shandong,山东,Shandong,8784,8784,0,832000.0,94.71766848816029,133.6870604455261,78.41035078170984,0.08443271767810026
2024,2024 load curve,Shanghai,上海,Shanghai,8784,8784,0,198400.0,22.586520947176684,40.233973263903565,14.185073979450832,0.020133955754008524
2024,2024 load curve,Shanxi,山西,Shanxi,8784,8784,0,297200.0,33.83424408014572,43.30965250064726,27.823656735481407,0.03016034097828293
2024,2024 load curve,Sichuan,四川,Sichuan,8784,8784,0,401800.0,45.74225865209472,77.05319416719323,31.666633830776455,0.04077531966714025
2024,2024 load curve,Tianjin,天津,Tianjin,8784,8784,0,108500.00000000003,12.352003642987253,20.084615397200942,8.691863306184672,0.011010757052973415
2024,2024 load curve,Tibet,西藏,Tibet,8784,8784,0,15400.0,1.7531876138433515,2.5252323450206298,1.0986409134400743,0.001562817130099452
2024,2024 load curve,Xinjiang,新疆,Xinjiang,8784,8784,0,423299.99999999994,48.18989071038251,59.679134048506185,43.721972455808384,0.042957174751369995
2024,2024 load curve,Yunnan,云南,Yunnan,8784,8784,0,279200.0,31.785063752276866,43.2880107246188,23.85980467598242,0.028333671605439415
2024,2024 load curve,Zhejiang,浙江,Zhejiang,8784,8784,0,678000.0,77.18579234972678,117.9262138553912,56.49438049986002,0.06880454637710574
