metric,left_out_iso3,left_out_country,spearman_rho
full_public_compute_side_plausibility,USA,United States,0.8947971605303129
full_public_compute_side_plausibility,FRA,France,0.8947971605303129
full_public_compute_side_plausibility,MYS,Malaysia,0.8978531617616322
full_public_compute_side_plausibility,NOR,Norway,0.8960195610228405
full_public_compute_side_plausibility,ARE,United Arab Emirates,0.8969363613922363
full_public_compute_side_plausibility,IND,India,0.8969363613922363
full_public_compute_side_plausibility,SAU,Saudi Arabia,0.8969363613922363
full_public_compute_side_plausibility,SGP,Singapore,0.9042707643474029
full_public_compute_side_plausibility,GBR,United Kingdom,0.898464362007896
full_public_compute_side_plausibility,IRL,Ireland,0.898464362007896
full_public_compute_side_plausibility,DEU,Germany,0.9027427637317431
full_public_compute_side_plausibility,CAN,Canada,0.9073267655787223
full_public_compute_side_plausibility,AUS,Australia,0.9116051673025694
full_public_compute_side_plausibility,JPN,Japan,0.9054931648399308
full_public_compute_side_plausibility,BRA,Brazil,0.9097715665637778
full_public_compute_side_plausibility,NLD,Netherlands,0.9079379658249861
full_public_compute_side_plausibility,KOR,South Korea,0.913744368164493
full_public_compute_side_plausibility,CHE,Switzerland,0.9067155653324582
full_public_compute_side_plausibility,ITA,Italy,0.9067155653324582
full_public_compute_side_plausibility,SWE,Sweden,0.9018259633623473
full_public_compute_side_plausibility,ESP,Spain,0.9018259633623473
full_public_compute_side_plausibility,BEL,Belgium,0.90854916607125
full_public_compute_side_plausibility,NZL,New Zealand,0.90854916607125
full_public_compute_side_plausibility,FIN,Finland,0.9112995671794374
full_public_compute_side_plausibility,ZAF,South Africa,0.9064099652093264
full_public_compute_side_plausibility,POL,Poland,0.903965164224271
full_public_compute_side_plausibility,CHN,China,0.9409427791232355
full_public_compute_side_plausibility,MEX,Mexico,0.8978531617616322
full_public_compute_side_plausibility,ISR,Israel,0.9015203632392155
full_public_compute_side_plausibility,IDN,Indonesia,0.8972419615153684
full_public_compute_side_plausibility,TWN,Taiwan,0.9033539639780072
full_public_compute_side_plausibility,HKG,Hong Kong,0.8954083607765767
full_public_compute_side_plausibility,CHL,Chile,0.8960195610228405
full_public_compute_side_plausibility,QAT,Qatar,0.8948815889992361
full_public_compute_side_plausibility,BHR,Bahrain,0.8948815889992361
shared_classes_removed,USA,United States,0.6552323627681014
shared_classes_removed,FRA,France,0.6552323627681014
shared_classes_removed,MYS,Malaysia,0.7045791163773725
shared_classes_removed,NOR,Norway,0.6595502037089126
shared_classes_removed,ARE,United Arab Emirates,0.6604754553390864
shared_classes_removed,IND,India,0.6604754553390864
shared_classes_removed,SAU,Saudi Arabia,0.6604754553390864
shared_classes_removed,SGP,Singapore,0.7061212024276621
shared_classes_removed,GBR,United Kingdom,0.6666437995402453
shared_classes_removed,IRL,Ireland,0.7373673704390414
shared_classes_removed,DEU,Germany,0.6783636535224472
shared_classes_removed,CAN,Canada,0.6894666730845332
shared_classes_removed,AUS,Australia,0.7042706991673144
shared_classes_removed,JPN,Japan,0.6848404149336641
shared_classes_removed,BRA,Brazil,0.6934760968152864
shared_classes_removed,NLD,Netherlands,0.6990276065963295
shared_classes_removed,KOR,South Korea,0.6922424279750546
shared_classes_removed,CHE,Switzerland,0.6897750902945912
shared_classes_removed,ITA,Italy,0.6897750902945912
shared_classes_removed,SWE,Sweden,0.6910087591348228
shared_classes_removed,ESP,Spain,0.6910087591348228
shared_classes_removed,BEL,Belgium,0.6867742807884796
shared_classes_removed,NZL,New Zealand,0.6867742807884796
shared_classes_removed,FIN,Finland,0.7011865270667349
shared_classes_removed,ZAF,South Africa,0.6816995939846238
shared_classes_removed,POL,Poland,0.6866909181940116
shared_classes_removed,CHN,China,0.7221588973506752
shared_classes_removed,MEX,Mexico,0.6727804474808773
shared_classes_removed,ISR,Israel,0.6947097656555182
shared_classes_removed,IDN,Indonesia,0.6692435445569778
shared_classes_removed,TWN,Taiwan,0.6934760968152864
shared_classes_removed,HKG,Hong Kong,0.6746626470017518
shared_classes_removed,CHL,Chile,0.6649377496931002
shared_classes_removed,QAT,Qatar,0.6649377496931002
shared_classes_removed,BHR,Bahrain,0.6649377496931002
capacity_prior_only_comparator,USA,United States,0.44598930481283416
capacity_prior_only_comparator,FRA,France,0.4808250572956455
capacity_prior_only_comparator,MYS,Malaysia,0.6012223071046601
capacity_prior_only_comparator,NOR,Norway,0.5416348357524827
capacity_prior_only_comparator,ARE,United Arab Emirates,0.4906035141329259
capacity_prior_only_comparator,IND,India,0.46890756302521003
capacity_prior_only_comparator,SAU,Saudi Arabia,0.5743315508021389
capacity_prior_only_comparator,SGP,Singapore,0.492436974789916
capacity_prior_only_comparator,GBR,United Kingdom,0.492436974789916
capacity_prior_only_comparator,IRL,Ireland,0.521466768525592
capacity_prior_only_comparator,DEU,Germany,0.4893812070282658
capacity_prior_only_comparator,CAN,Canada,0.4887700534759358
capacity_prior_only_comparator,AUS,Australia,0.4887700534759358
capacity_prior_only_comparator,JPN,Japan,0.4884644766997708
capacity_prior_only_comparator,BRA,Brazil,0.48907563025210077
capacity_prior_only_comparator,NLD,Netherlands,0.49396485867074097
capacity_prior_only_comparator,KOR,South Korea,0.492742551566081
capacity_prior_only_comparator,CHE,Switzerland,0.4826585179526356
capacity_prior_only_comparator,ITA,Italy,0.4832696715049656
capacity_prior_only_comparator,SWE,Sweden,0.4832696715049656
capacity_prior_only_comparator,ESP,Spain,0.4826585179526356
capacity_prior_only_comparator,BEL,Belgium,0.4796027501909854
capacity_prior_only_comparator,NZL,New Zealand,0.4811306340718105
capacity_prior_only_comparator,FIN,Finland,0.4802139037433155
capacity_prior_only_comparator,ZAF,South Africa,0.4918258212375859
capacity_prior_only_comparator,POL,Poland,0.4857142857142857
capacity_prior_only_comparator,CHN,China,0.4771581359816654
capacity_prior_only_comparator,MEX,Mexico,0.4777692895339954
capacity_prior_only_comparator,ISR,Israel,0.5391902215431627
capacity_prior_only_comparator,IDN,Indonesia,0.4906035141329259
capacity_prior_only_comparator,TWN,Taiwan,0.46829640947288
capacity_prior_only_comparator,HKG,Hong Kong,0.5000763941940413
capacity_prior_only_comparator,CHL,Chile,0.44843391902215424
capacity_prior_only_comparator,QAT,Qatar,0.467379679144385
capacity_prior_only_comparator,BHR,Bahrain,0.4563789152024446
