iso3,country_name,feasible_host_flag,token_origin_weight,existing_host_burden_p05,existing_host_burden_p50,existing_host_burden_p95,burden_unit,source_id,claim_boundary
USA,United States,1,0.1965829046532086,6.017576460578851,9.67889876469828,15.08237117187269,percent of modeled compute-host burden,global_token_flow_uncertainty_country_envelope_2024_no_mrio,"Monte Carlo uncertainty envelope for modeled token execution flows. The envelope samples public-demand proxy weights, compute-capacity priors, routing-cost weights, entropic-routing temperature, total electricity scaling and carbon-intensity multipliers. It is not an observed provider-routing confidence interval, not measured token OD, not measured electricity procurement, and no MRIO is used."
FRA,France,1,0.0193175821418538,5.04879045127531,8.10289123853162,12.79322584461268,percent of modeled compute-host burden,global_token_flow_uncertainty_country_envelope_2024_no_mrio,"Monte Carlo uncertainty envelope for modeled token execution flows. The envelope samples public-demand proxy weights, compute-capacity priors, routing-cost weights, entropic-routing temperature, total electricity scaling and carbon-intensity multipliers. It is not an observed provider-routing confidence interval, not measured token OD, not measured electricity procurement, and no MRIO is used."
MYS,Malaysia,1,0.0065892406080182,4.05246217542488,6.59325722184677,10.39688997561882,percent of modeled compute-host burden,global_token_flow_uncertainty_country_envelope_2024_no_mrio,"Monte Carlo uncertainty envelope for modeled token execution flows. The envelope samples public-demand proxy weights, compute-capacity priors, routing-cost weights, entropic-routing temperature, total electricity scaling and carbon-intensity multipliers. It is not an observed provider-routing confidence interval, not measured token OD, not measured electricity procurement, and no MRIO is used."
NOR,Norway,1,0.0014938223912823,3.09306700209269,5.17822950928651,8.26691511109353,percent of modeled compute-host burden,global_token_flow_uncertainty_country_envelope_2024_no_mrio,"Monte Carlo uncertainty envelope for modeled token execution flows. The envelope samples public-demand proxy weights, compute-capacity priors, routing-cost weights, entropic-routing temperature, total electricity scaling and carbon-intensity multipliers. It is not an observed provider-routing confidence interval, not measured token OD, not measured electricity procurement, and no MRIO is used."
ARE,United Arab Emirates,1,0.0046581840605243,2.9690601567958703,4.79507943745564,7.876174175033491,percent of modeled compute-host burden,global_token_flow_uncertainty_country_envelope_2024_no_mrio,"Monte Carlo uncertainty envelope for modeled token execution flows. The envelope samples public-demand proxy weights, compute-capacity priors, routing-cost weights, entropic-routing temperature, total electricity scaling and carbon-intensity multipliers. It is not an observed provider-routing confidence interval, not measured token OD, not measured electricity procurement, and no MRIO is used."
IND,India,1,0.1338984084747702,2.45362696728791,4.05882044337662,6.6003892616034605,percent of modeled compute-host burden,global_token_flow_uncertainty_country_envelope_2024_no_mrio,"Monte Carlo uncertainty envelope for modeled token execution flows. The envelope samples public-demand proxy weights, compute-capacity priors, routing-cost weights, entropic-routing temperature, total electricity scaling and carbon-intensity multipliers. It is not an observed provider-routing confidence interval, not measured token OD, not measured electricity procurement, and no MRIO is used."
SAU,Saudi Arabia,1,0.0057655356036636,2.31822785404084,3.98279827862384,6.381312584596451,percent of modeled compute-host burden,global_token_flow_uncertainty_country_envelope_2024_no_mrio,"Monte Carlo uncertainty envelope for modeled token execution flows. The envelope samples public-demand proxy weights, compute-capacity priors, routing-cost weights, entropic-routing temperature, total electricity scaling and carbon-intensity multipliers. It is not an observed provider-routing confidence interval, not measured token OD, not measured electricity procurement, and no MRIO is used."
SGP,Singapore,1,0.0235747021828882,2.06857404248708,3.27803304758172,5.38351949906089,percent of modeled compute-host burden,global_token_flow_uncertainty_country_envelope_2024_no_mrio,"Monte Carlo uncertainty envelope for modeled token execution flows. The envelope samples public-demand proxy weights, compute-capacity priors, routing-cost weights, entropic-routing temperature, total electricity scaling and carbon-intensity multipliers. It is not an observed provider-routing confidence interval, not measured token OD, not measured electricity procurement, and no MRIO is used."
GBR,United Kingdom,1,0.0283220119782939,1.9573337595076,3.03138578837663,4.90762438484292,percent of modeled compute-host burden,global_token_flow_uncertainty_country_envelope_2024_no_mrio,"Monte Carlo uncertainty envelope for modeled token execution flows. The envelope samples public-demand proxy weights, compute-capacity priors, routing-cost weights, entropic-routing temperature, total electricity scaling and carbon-intensity multipliers. It is not an observed provider-routing confidence interval, not measured token OD, not measured electricity procurement, and no MRIO is used."
IRL,Ireland,1,0.0115166017795309,1.8817097239946199,2.94183581828447,4.86375807848974,percent of modeled compute-host burden,global_token_flow_uncertainty_country_envelope_2024_no_mrio,"Monte Carlo uncertainty envelope for modeled token execution flows. The envelope samples public-demand proxy weights, compute-capacity priors, routing-cost weights, entropic-routing temperature, total electricity scaling and carbon-intensity multipliers. It is not an observed provider-routing confidence interval, not measured token OD, not measured electricity procurement, and no MRIO is used."
DEU,Germany,1,0.0465307203782457,1.52612163730615,2.5637289525999902,4.33699138241656,percent of modeled compute-host burden,global_token_flow_uncertainty_country_envelope_2024_no_mrio,"Monte Carlo uncertainty envelope for modeled token execution flows. The envelope samples public-demand proxy weights, compute-capacity priors, routing-cost weights, entropic-routing temperature, total electricity scaling and carbon-intensity multipliers. It is not an observed provider-routing confidence interval, not measured token OD, not measured electricity procurement, and no MRIO is used."
CAN,Canada,1,0.0188346081345067,1.54235026542432,2.51091852140277,4.11810509508223,percent of modeled compute-host burden,global_token_flow_uncertainty_country_envelope_2024_no_mrio,"Monte Carlo uncertainty envelope for modeled token execution flows. The envelope samples public-demand proxy weights, compute-capacity priors, routing-cost weights, entropic-routing temperature, total electricity scaling and carbon-intensity multipliers. It is not an observed provider-routing confidence interval, not measured token OD, not measured electricity procurement, and no MRIO is used."
AUS,Australia,1,0.0092099832362662,1.48366159082654,2.48363758031276,3.91004738659907,percent of modeled compute-host burden,global_token_flow_uncertainty_country_envelope_2024_no_mrio,"Monte Carlo uncertainty envelope for modeled token execution flows. The envelope samples public-demand proxy weights, compute-capacity priors, routing-cost weights, entropic-routing temperature, total electricity scaling and carbon-intensity multipliers. It is not an observed provider-routing confidence interval, not measured token OD, not measured electricity procurement, and no MRIO is used."
JPN,Japan,1,0.0227233874099562,1.44322863310287,2.3723879032881,3.86709098457214,percent of modeled compute-host burden,global_token_flow_uncertainty_country_envelope_2024_no_mrio,"Monte Carlo uncertainty envelope for modeled token execution flows. The envelope samples public-demand proxy weights, compute-capacity priors, routing-cost weights, entropic-routing temperature, total electricity scaling and carbon-intensity multipliers. It is not an observed provider-routing confidence interval, not measured token OD, not measured electricity procurement, and no MRIO is used."
BRA,Brazil,1,0.0275987481682754,1.45536995712924,2.32836079007506,3.87473232099341,percent of modeled compute-host burden,global_token_flow_uncertainty_country_envelope_2024_no_mrio,"Monte Carlo uncertainty envelope for modeled token execution flows. The envelope samples public-demand proxy weights, compute-capacity priors, routing-cost weights, entropic-routing temperature, total electricity scaling and carbon-intensity multipliers. It is not an observed provider-routing confidence interval, not measured token OD, not measured electricity procurement, and no MRIO is used."
NLD,Netherlands,1,0.0147938488551856,1.3558310926323,2.22512908389019,3.7237691403904303,percent of modeled compute-host burden,global_token_flow_uncertainty_country_envelope_2024_no_mrio,"Monte Carlo uncertainty envelope for modeled token execution flows. The envelope samples public-demand proxy weights, compute-capacity priors, routing-cost weights, entropic-routing temperature, total electricity scaling and carbon-intensity multipliers. It is not an observed provider-routing confidence interval, not measured token OD, not measured electricity procurement, and no MRIO is used."
KOR,South Korea,1,0.0229506560390139,1.3473961625514201,2.21426799331335,3.55390547674372,percent of modeled compute-host burden,global_token_flow_uncertainty_country_envelope_2024_no_mrio,"Monte Carlo uncertainty envelope for modeled token execution flows. The envelope samples public-demand proxy weights, compute-capacity priors, routing-cost weights, entropic-routing temperature, total electricity scaling and carbon-intensity multipliers. It is not an observed provider-routing confidence interval, not measured token OD, not measured electricity procurement, and no MRIO is used."
CHE,Switzerland,1,0.0051210711039026,1.35208757458221,2.19425832943324,3.5560986509445303,percent of modeled compute-host burden,global_token_flow_uncertainty_country_envelope_2024_no_mrio,"Monte Carlo uncertainty envelope for modeled token execution flows. The envelope samples public-demand proxy weights, compute-capacity priors, routing-cost weights, entropic-routing temperature, total electricity scaling and carbon-intensity multipliers. It is not an observed provider-routing confidence interval, not measured token OD, not measured electricity procurement, and no MRIO is used."
ITA,Italy,1,0.0132882731873405,1.3323284887414,2.16326548393817,3.52683105278088,percent of modeled compute-host burden,global_token_flow_uncertainty_country_envelope_2024_no_mrio,"Monte Carlo uncertainty envelope for modeled token execution flows. The envelope samples public-demand proxy weights, compute-capacity priors, routing-cost weights, entropic-routing temperature, total electricity scaling and carbon-intensity multipliers. It is not an observed provider-routing confidence interval, not measured token OD, not measured electricity procurement, and no MRIO is used."
SWE,Sweden,1,0.0050839608134728,1.29461324295529,2.10048343537089,3.3967338529979303,percent of modeled compute-host burden,global_token_flow_uncertainty_country_envelope_2024_no_mrio,"Monte Carlo uncertainty envelope for modeled token execution flows. The envelope samples public-demand proxy weights, compute-capacity priors, routing-cost weights, entropic-routing temperature, total electricity scaling and carbon-intensity multipliers. It is not an observed provider-routing confidence interval, not measured token OD, not measured electricity procurement, and no MRIO is used."
ESP,Spain,1,0.0130766690077274,1.22330950618599,2.0163090295549804,3.2205872831,percent of modeled compute-host burden,global_token_flow_uncertainty_country_envelope_2024_no_mrio,"Monte Carlo uncertainty envelope for modeled token execution flows. The envelope samples public-demand proxy weights, compute-capacity priors, routing-cost weights, entropic-routing temperature, total electricity scaling and carbon-intensity multipliers. It is not an observed provider-routing confidence interval, not measured token OD, not measured electricity procurement, and no MRIO is used."
BEL,Belgium,1,0.0029568665480971,1.16842382519094,1.9351435229989,3.1449649550713,percent of modeled compute-host burden,global_token_flow_uncertainty_country_envelope_2024_no_mrio,"Monte Carlo uncertainty envelope for modeled token execution flows. The envelope samples public-demand proxy weights, compute-capacity priors, routing-cost weights, entropic-routing temperature, total electricity scaling and carbon-intensity multipliers. It is not an observed provider-routing confidence interval, not measured token OD, not measured electricity procurement, and no MRIO is used."
NZL,New Zealand,1,0.0013499761561954,1.09082070877041,1.77712337394002,2.86055019833976,percent of modeled compute-host burden,global_token_flow_uncertainty_country_envelope_2024_no_mrio,"Monte Carlo uncertainty envelope for modeled token execution flows. The envelope samples public-demand proxy weights, compute-capacity priors, routing-cost weights, entropic-routing temperature, total electricity scaling and carbon-intensity multipliers. It is not an observed provider-routing confidence interval, not measured token OD, not measured electricity procurement, and no MRIO is used."
FIN,Finland,1,0.0016244956918134,1.06664941845151,1.7612814175445302,2.8814575940483,percent of modeled compute-host burden,global_token_flow_uncertainty_country_envelope_2024_no_mrio,"Monte Carlo uncertainty envelope for modeled token execution flows. The envelope samples public-demand proxy weights, compute-capacity priors, routing-cost weights, entropic-routing temperature, total electricity scaling and carbon-intensity multipliers. It is not an observed provider-routing confidence interval, not measured token OD, not measured electricity procurement, and no MRIO is used."
ZAF,South Africa,1,0.0047641437783047,1.07714584666766,1.7580315250262502,2.93270363519726,percent of modeled compute-host burden,global_token_flow_uncertainty_country_envelope_2024_no_mrio,"Monte Carlo uncertainty envelope for modeled token execution flows. The envelope samples public-demand proxy weights, compute-capacity priors, routing-cost weights, entropic-routing temperature, total electricity scaling and carbon-intensity multipliers. It is not an observed provider-routing confidence interval, not measured token OD, not measured electricity procurement, and no MRIO is used."
POL,Poland,1,0.0101120402920855,0.98738965021554,1.6606821666338998,2.72516168789558,percent of modeled compute-host burden,global_token_flow_uncertainty_country_envelope_2024_no_mrio,"Monte Carlo uncertainty envelope for modeled token execution flows. The envelope samples public-demand proxy weights, compute-capacity priors, routing-cost weights, entropic-routing temperature, total electricity scaling and carbon-intensity multipliers. It is not an observed provider-routing confidence interval, not measured token OD, not measured electricity procurement, and no MRIO is used."
CHN,China,1,0.0149855178827507,0.98513761454094,1.57506373464135,2.52928705619661,percent of modeled compute-host burden,global_token_flow_uncertainty_country_envelope_2024_no_mrio,"Monte Carlo uncertainty envelope for modeled token execution flows. The envelope samples public-demand proxy weights, compute-capacity priors, routing-cost weights, entropic-routing temperature, total electricity scaling and carbon-intensity multipliers. It is not an observed provider-routing confidence interval, not measured token OD, not measured electricity procurement, and no MRIO is used."
MEX,Mexico,1,0.0140898861024776,0.90763481656994,1.5223816465998499,2.5316586428631798,percent of modeled compute-host burden,global_token_flow_uncertainty_country_envelope_2024_no_mrio,"Monte Carlo uncertainty envelope for modeled token execution flows. The envelope samples public-demand proxy weights, compute-capacity priors, routing-cost weights, entropic-routing temperature, total electricity scaling and carbon-intensity multipliers. It is not an observed provider-routing confidence interval, not measured token OD, not measured electricity procurement, and no MRIO is used."
ISR,Israel,1,0.006496119449756,0.92162766412929,1.50519560179549,2.59274249169931,percent of modeled compute-host burden,global_token_flow_uncertainty_country_envelope_2024_no_mrio,"Monte Carlo uncertainty envelope for modeled token execution flows. The envelope samples public-demand proxy weights, compute-capacity priors, routing-cost weights, entropic-routing temperature, total electricity scaling and carbon-intensity multipliers. It is not an observed provider-routing confidence interval, not measured token OD, not measured electricity procurement, and no MRIO is used."
IDN,Indonesia,1,0.0271053316316674,0.79067249626283,1.28843709418625,2.1407697076252603,percent of modeled compute-host burden,global_token_flow_uncertainty_country_envelope_2024_no_mrio,"Monte Carlo uncertainty envelope for modeled token execution flows. The envelope samples public-demand proxy weights, compute-capacity priors, routing-cost weights, entropic-routing temperature, total electricity scaling and carbon-intensity multipliers. It is not an observed provider-routing confidence interval, not measured token OD, not measured electricity procurement, and no MRIO is used."
TWN,Taiwan,1,0.0042197099699836,0.69485628391744,1.13716964438406,1.83663257296457,percent of modeled compute-host burden,global_token_flow_uncertainty_country_envelope_2024_no_mrio,"Monte Carlo uncertainty envelope for modeled token execution flows. The envelope samples public-demand proxy weights, compute-capacity priors, routing-cost weights, entropic-routing temperature, total electricity scaling and carbon-intensity multipliers. It is not an observed provider-routing confidence interval, not measured token OD, not measured electricity procurement, and no MRIO is used."
HKG,Hong Kong,1,0.0045158981599227,0.62037407582284,1.00269776719339,1.62739511419891,percent of modeled compute-host burden,global_token_flow_uncertainty_country_envelope_2024_no_mrio,"Monte Carlo uncertainty envelope for modeled token execution flows. The envelope samples public-demand proxy weights, compute-capacity priors, routing-cost weights, entropic-routing temperature, total electricity scaling and carbon-intensity multipliers. It is not an observed provider-routing confidence interval, not measured token OD, not measured electricity procurement, and no MRIO is used."
CHL,Chile,1,0.0043435788883392,0.59392349393159,0.9973109779218401,1.6231711921852798,percent of modeled compute-host burden,global_token_flow_uncertainty_country_envelope_2024_no_mrio,"Monte Carlo uncertainty envelope for modeled token execution flows. The envelope samples public-demand proxy weights, compute-capacity priors, routing-cost weights, entropic-routing temperature, total electricity scaling and carbon-intensity multipliers. It is not an observed provider-routing confidence interval, not measured token OD, not measured electricity procurement, and no MRIO is used."
QAT,Qatar,1,0.0003936918505787,0.5068380926846601,0.81435731482752,1.34282970433808,percent of modeled compute-host burden,global_token_flow_uncertainty_country_envelope_2024_no_mrio,"Monte Carlo uncertainty envelope for modeled token execution flows. The envelope samples public-demand proxy weights, compute-capacity priors, routing-cost weights, entropic-routing temperature, total electricity scaling and carbon-intensity multipliers. It is not an observed provider-routing confidence interval, not measured token OD, not measured electricity procurement, and no MRIO is used."
BHR,Bahrain,1,0.0002285476319993,0.19787523577411997,0.32631882774802,0.5289470247042,percent of modeled compute-host burden,global_token_flow_uncertainty_country_envelope_2024_no_mrio,"Monte Carlo uncertainty envelope for modeled token execution flows. The envelope samples public-demand proxy weights, compute-capacity priors, routing-cost weights, entropic-routing temperature, total electricity scaling and carbon-intensity multipliers. It is not an observed provider-routing confidence interval, not measured token OD, not measured electricity procurement, and no MRIO is used."
ABW,Aruba,0,1.4236135472682143e-05,0.0,0.0,0.0,percent of modeled compute-host burden,global_token_flow_uncertainty_country_envelope_2024_no_mrio,"Monte Carlo uncertainty envelope for modeled token execution flows. The envelope samples public-demand proxy weights, compute-capacity priors, routing-cost weights, entropic-routing temperature, total electricity scaling and carbon-intensity multipliers. It is not an observed provider-routing confidence interval, not measured token OD, not measured electricity procurement, and no MRIO is used."
AGO,Angola,0,0.0010626509431545,0.0,0.0,0.0,percent of modeled compute-host burden,global_token_flow_uncertainty_country_envelope_2024_no_mrio,"Monte Carlo uncertainty envelope for modeled token execution flows. The envelope samples public-demand proxy weights, compute-capacity priors, routing-cost weights, entropic-routing temperature, total electricity scaling and carbon-intensity multipliers. It is not an observed provider-routing confidence interval, not measured token OD, not measured electricity procurement, and no MRIO is used."
ALB,Albania,0,0.0002771750226996,0.0,0.0,0.0,percent of modeled compute-host burden,global_token_flow_uncertainty_country_envelope_2024_no_mrio,"Monte Carlo uncertainty envelope for modeled token execution flows. The envelope samples public-demand proxy weights, compute-capacity priors, routing-cost weights, entropic-routing temperature, total electricity scaling and carbon-intensity multipliers. It is not an observed provider-routing confidence interval, not measured token OD, not measured electricity procurement, and no MRIO is used."
AND,Andorra,0,3.39885794538261e-05,0.0,0.0,0.0,percent of modeled compute-host burden,global_token_flow_uncertainty_country_envelope_2024_no_mrio,"Monte Carlo uncertainty envelope for modeled token execution flows. The envelope samples public-demand proxy weights, compute-capacity priors, routing-cost weights, entropic-routing temperature, total electricity scaling and carbon-intensity multipliers. It is not an observed provider-routing confidence interval, not measured token OD, not measured electricity procurement, and no MRIO is used."
ARG,Argentina,0,0.0081211325018251,0.0,0.0,0.0,percent of modeled compute-host burden,global_token_flow_uncertainty_country_envelope_2024_no_mrio,"Monte Carlo uncertainty envelope for modeled token execution flows. The envelope samples public-demand proxy weights, compute-capacity priors, routing-cost weights, entropic-routing temperature, total electricity scaling and carbon-intensity multipliers. It is not an observed provider-routing confidence interval, not measured token OD, not measured electricity procurement, and no MRIO is used."
ARM,Armenia,0,0.0003899189667116,0.0,0.0,0.0,percent of modeled compute-host burden,global_token_flow_uncertainty_country_envelope_2024_no_mrio,"Monte Carlo uncertainty envelope for modeled token execution flows. The envelope samples public-demand proxy weights, compute-capacity priors, routing-cost weights, entropic-routing temperature, total electricity scaling and carbon-intensity multipliers. It is not an observed provider-routing confidence interval, not measured token OD, not measured electricity procurement, and no MRIO is used."
ATG,Antigua and Barbuda,0,1.5964620852778027e-05,0.0,0.0,0.0,percent of modeled compute-host burden,global_token_flow_uncertainty_country_envelope_2024_no_mrio,"Monte Carlo uncertainty envelope for modeled token execution flows. The envelope samples public-demand proxy weights, compute-capacity priors, routing-cost weights, entropic-routing temperature, total electricity scaling and carbon-intensity multipliers. It is not an observed provider-routing confidence interval, not measured token OD, not measured electricity procurement, and no MRIO is used."
AUT,Austria,0,0.0036125893322529,0.0,0.0,0.0,percent of modeled compute-host burden,global_token_flow_uncertainty_country_envelope_2024_no_mrio,"Monte Carlo uncertainty envelope for modeled token execution flows. The envelope samples public-demand proxy weights, compute-capacity priors, routing-cost weights, entropic-routing temperature, total electricity scaling and carbon-intensity multipliers. It is not an observed provider-routing confidence interval, not measured token OD, not measured electricity procurement, and no MRIO is used."
AZE,Azerbaijan,0,0.000806575467365,0.0,0.0,0.0,percent of modeled compute-host burden,global_token_flow_uncertainty_country_envelope_2024_no_mrio,"Monte Carlo uncertainty envelope for modeled token execution flows. The envelope samples public-demand proxy weights, compute-capacity priors, routing-cost weights, entropic-routing temperature, total electricity scaling and carbon-intensity multipliers. It is not an observed provider-routing confidence interval, not measured token OD, not measured electricity procurement, and no MRIO is used."
BDI,Burundi,0,0.0001075839333731,0.0,0.0,0.0,percent of modeled compute-host burden,global_token_flow_uncertainty_country_envelope_2024_no_mrio,"Monte Carlo uncertainty envelope for modeled token execution flows. The envelope samples public-demand proxy weights, compute-capacity priors, routing-cost weights, entropic-routing temperature, total electricity scaling and carbon-intensity multipliers. It is not an observed provider-routing confidence interval, not measured token OD, not measured electricity procurement, and no MRIO is used."
BEN,Benin,0,0.0005157633145671,0.0,0.0,0.0,percent of modeled compute-host burden,global_token_flow_uncertainty_country_envelope_2024_no_mrio,"Monte Carlo uncertainty envelope for modeled token execution flows. The envelope samples public-demand proxy weights, compute-capacity priors, routing-cost weights, entropic-routing temperature, total electricity scaling and carbon-intensity multipliers. It is not an observed provider-routing confidence interval, not measured token OD, not measured electricity procurement, and no MRIO is used."
BFA,Burkina Faso,0,0.0005637596811654,0.0,0.0,0.0,percent of modeled compute-host burden,global_token_flow_uncertainty_country_envelope_2024_no_mrio,"Monte Carlo uncertainty envelope for modeled token execution flows. The envelope samples public-demand proxy weights, compute-capacity priors, routing-cost weights, entropic-routing temperature, total electricity scaling and carbon-intensity multipliers. It is not an observed provider-routing confidence interval, not measured token OD, not measured electricity procurement, and no MRIO is used."
BGD,Bangladesh,0,0.0119574176774407,0.0,0.0,0.0,percent of modeled compute-host burden,global_token_flow_uncertainty_country_envelope_2024_no_mrio,"Monte Carlo uncertainty envelope for modeled token execution flows. The envelope samples public-demand proxy weights, compute-capacity priors, routing-cost weights, entropic-routing temperature, total electricity scaling and carbon-intensity multipliers. It is not an observed provider-routing confidence interval, not measured token OD, not measured electricity procurement, and no MRIO is used."
BGR,Bulgaria,0,0.0012880582491458,0.0,0.0,0.0,percent of modeled compute-host burden,global_token_flow_uncertainty_country_envelope_2024_no_mrio,"Monte Carlo uncertainty envelope for modeled token execution flows. The envelope samples public-demand proxy weights, compute-capacity priors, routing-cost weights, entropic-routing temperature, total electricity scaling and carbon-intensity multipliers. It is not an observed provider-routing confidence interval, not measured token OD, not measured electricity procurement, and no MRIO is used."
BHS,"Bahamas, The",0,4.202064482784405e-05,0.0,0.0,0.0,percent of modeled compute-host burden,global_token_flow_uncertainty_country_envelope_2024_no_mrio,"Monte Carlo uncertainty envelope for modeled token execution flows. The envelope samples public-demand proxy weights, compute-capacity priors, routing-cost weights, entropic-routing temperature, total electricity scaling and carbon-intensity multipliers. It is not an observed provider-routing confidence interval, not measured token OD, not measured electricity procurement, and no MRIO is used."
BIH,Bosnia and Herzegovina,0,0.0003351397836906,0.0,0.0,0.0,percent of modeled compute-host burden,global_token_flow_uncertainty_country_envelope_2024_no_mrio,"Monte Carlo uncertainty envelope for modeled token execution flows. The envelope samples public-demand proxy weights, compute-capacity priors, routing-cost weights, entropic-routing temperature, total electricity scaling and carbon-intensity multipliers. It is not an observed provider-routing confidence interval, not measured token OD, not measured electricity procurement, and no MRIO is used."
BLZ,Belize,0,4.346950841502922e-05,0.0,0.0,0.0,percent of modeled compute-host burden,global_token_flow_uncertainty_country_envelope_2024_no_mrio,"Monte Carlo uncertainty envelope for modeled token execution flows. The envelope samples public-demand proxy weights, compute-capacity priors, routing-cost weights, entropic-routing temperature, total electricity scaling and carbon-intensity multipliers. It is not an observed provider-routing confidence interval, not measured token OD, not measured electricity procurement, and no MRIO is used."
BMU,Bermuda,0,1.2107141270848733e-05,0.0,0.0,0.0,percent of modeled compute-host burden,global_token_flow_uncertainty_country_envelope_2024_no_mrio,"Monte Carlo uncertainty envelope for modeled token execution flows. The envelope samples public-demand proxy weights, compute-capacity priors, routing-cost weights, entropic-routing temperature, total electricity scaling and carbon-intensity multipliers. It is not an observed provider-routing confidence interval, not measured token OD, not measured electricity procurement, and no MRIO is used."
BOL,Bolivia,0,0.0008297278929256,0.0,0.0,0.0,percent of modeled compute-host burden,global_token_flow_uncertainty_country_envelope_2024_no_mrio,"Monte Carlo uncertainty envelope for modeled token execution flows. The envelope samples public-demand proxy weights, compute-capacity priors, routing-cost weights, entropic-routing temperature, total electricity scaling and carbon-intensity multipliers. It is not an observed provider-routing confidence interval, not measured token OD, not measured electricity procurement, and no MRIO is used."
BRB,Barbados,0,3.972664972810494e-05,0.0,0.0,0.0,percent of modeled compute-host burden,global_token_flow_uncertainty_country_envelope_2024_no_mrio,"Monte Carlo uncertainty envelope for modeled token execution flows. The envelope samples public-demand proxy weights, compute-capacity priors, routing-cost weights, entropic-routing temperature, total electricity scaling and carbon-intensity multipliers. It is not an observed provider-routing confidence interval, not measured token OD, not measured electricity procurement, and no MRIO is used."
BRN,Brunei Darussalam,0,5.433952804976132e-05,0.0,0.0,0.0,percent of modeled compute-host burden,global_token_flow_uncertainty_country_envelope_2024_no_mrio,"Monte Carlo uncertainty envelope for modeled token execution flows. The envelope samples public-demand proxy weights, compute-capacity priors, routing-cost weights, entropic-routing temperature, total electricity scaling and carbon-intensity multipliers. It is not an observed provider-routing confidence interval, not measured token OD, not measured electricity procurement, and no MRIO is used."
BTN,Bhutan,0,8.396743834857486e-05,0.0,0.0,0.0,percent of modeled compute-host burden,global_token_flow_uncertainty_country_envelope_2024_no_mrio,"Monte Carlo uncertainty envelope for modeled token execution flows. The envelope samples public-demand proxy weights, compute-capacity priors, routing-cost weights, entropic-routing temperature, total electricity scaling and carbon-intensity multipliers. It is not an observed provider-routing confidence interval, not measured token OD, not measured electricity procurement, and no MRIO is used."
BWA,Botswana,0,0.0001641468179184,0.0,0.0,0.0,percent of modeled compute-host burden,global_token_flow_uncertainty_country_envelope_2024_no_mrio,"Monte Carlo uncertainty envelope for modeled token execution flows. The envelope samples public-demand proxy weights, compute-capacity priors, routing-cost weights, entropic-routing temperature, total electricity scaling and carbon-intensity multipliers. It is not an observed provider-routing confidence interval, not measured token OD, not measured electricity procurement, and no MRIO is used."
CIV,Cote d'Ivoire,0,0.0011434422216341,0.0,0.0,0.0,percent of modeled compute-host burden,global_token_flow_uncertainty_country_envelope_2024_no_mrio,"Monte Carlo uncertainty envelope for modeled token execution flows. The envelope samples public-demand proxy weights, compute-capacity priors, routing-cost weights, entropic-routing temperature, total electricity scaling and carbon-intensity multipliers. It is not an observed provider-routing confidence interval, not measured token OD, not measured electricity procurement, and no MRIO is used."
CMR,Cameroon,0,0.0011571470453273,0.0,0.0,0.0,percent of modeled compute-host burden,global_token_flow_uncertainty_country_envelope_2024_no_mrio,"Monte Carlo uncertainty envelope for modeled token execution flows. The envelope samples public-demand proxy weights, compute-capacity priors, routing-cost weights, entropic-routing temperature, total electricity scaling and carbon-intensity multipliers. It is not an observed provider-routing confidence interval, not measured token OD, not measured electricity procurement, and no MRIO is used."
COG,"Congo, Rep.",0,0.0002296930824727,0.0,0.0,0.0,percent of modeled compute-host burden,global_token_flow_uncertainty_country_envelope_2024_no_mrio,"Monte Carlo uncertainty envelope for modeled token execution flows. The envelope samples public-demand proxy weights, compute-capacity priors, routing-cost weights, entropic-routing temperature, total electricity scaling and carbon-intensity multipliers. It is not an observed provider-routing confidence interval, not measured token OD, not measured electricity procurement, and no MRIO is used."
COL,Colombia,0,0.0097873601196585,0.0,0.0,0.0,percent of modeled compute-host burden,global_token_flow_uncertainty_country_envelope_2024_no_mrio,"Monte Carlo uncertainty envelope for modeled token execution flows. The envelope samples public-demand proxy weights, compute-capacity priors, routing-cost weights, entropic-routing temperature, total electricity scaling and carbon-intensity multipliers. It is not an observed provider-routing confidence interval, not measured token OD, not measured electricity procurement, and no MRIO is used."
COM,Comoros,0,1.9513745139876665e-05,0.0,0.0,0.0,percent of modeled compute-host burden,global_token_flow_uncertainty_country_envelope_2024_no_mrio,"Monte Carlo uncertainty envelope for modeled token execution flows. The envelope samples public-demand proxy weights, compute-capacity priors, routing-cost weights, entropic-routing temperature, total electricity scaling and carbon-intensity multipliers. It is not an observed provider-routing confidence interval, not measured token OD, not measured electricity procurement, and no MRIO is used."
CPV,Cabo Verde,0,4.009191951840112e-05,0.0,0.0,0.0,percent of modeled compute-host burden,global_token_flow_uncertainty_country_envelope_2024_no_mrio,"Monte Carlo uncertainty envelope for modeled token execution flows. The envelope samples public-demand proxy weights, compute-capacity priors, routing-cost weights, entropic-routing temperature, total electricity scaling and carbon-intensity multipliers. It is not an observed provider-routing confidence interval, not measured token OD, not measured electricity procurement, and no MRIO is used."
CRI,Costa Rica,0,0.0006123021104386,0.0,0.0,0.0,percent of modeled compute-host burden,global_token_flow_uncertainty_country_envelope_2024_no_mrio,"Monte Carlo uncertainty envelope for modeled token execution flows. The envelope samples public-demand proxy weights, compute-capacity priors, routing-cost weights, entropic-routing temperature, total electricity scaling and carbon-intensity multipliers. It is not an observed provider-routing confidence interval, not measured token OD, not measured electricity procurement, and no MRIO is used."
CUW,Curacao,0,1.7215452494934287e-05,0.0,0.0,0.0,percent of modeled compute-host burden,global_token_flow_uncertainty_country_envelope_2024_no_mrio,"Monte Carlo uncertainty envelope for modeled token execution flows. The envelope samples public-demand proxy weights, compute-capacity priors, routing-cost weights, entropic-routing temperature, total electricity scaling and carbon-intensity multipliers. It is not an observed provider-routing confidence interval, not measured token OD, not measured electricity procurement, and no MRIO is used."
CYM,Cayman Islands,0,2.119405234308542e-05,0.0,0.0,0.0,percent of modeled compute-host burden,global_token_flow_uncertainty_country_envelope_2024_no_mrio,"Monte Carlo uncertainty envelope for modeled token execution flows. The envelope samples public-demand proxy weights, compute-capacity priors, routing-cost weights, entropic-routing temperature, total electricity scaling and carbon-intensity multipliers. It is not an observed provider-routing confidence interval, not measured token OD, not measured electricity procurement, and no MRIO is used."
CYP,Cyprus,0,0.0006315473326676,0.0,0.0,0.0,percent of modeled compute-host burden,global_token_flow_uncertainty_country_envelope_2024_no_mrio,"Monte Carlo uncertainty envelope for modeled token execution flows. The envelope samples public-demand proxy weights, compute-capacity priors, routing-cost weights, entropic-routing temperature, total electricity scaling and carbon-intensity multipliers. It is not an observed provider-routing confidence interval, not measured token OD, not measured electricity procurement, and no MRIO is used."
CZE,Czechia,0,0.0039716221333793,0.0,0.0,0.0,percent of modeled compute-host burden,global_token_flow_uncertainty_country_envelope_2024_no_mrio,"Monte Carlo uncertainty envelope for modeled token execution flows. The envelope samples public-demand proxy weights, compute-capacity priors, routing-cost weights, entropic-routing temperature, total electricity scaling and carbon-intensity multipliers. It is not an observed provider-routing confidence interval, not measured token OD, not measured electricity procurement, and no MRIO is used."
DJI,Djibouti,0,7.122278099265918e-05,0.0,0.0,0.0,percent of modeled compute-host burden,global_token_flow_uncertainty_country_envelope_2024_no_mrio,"Monte Carlo uncertainty envelope for modeled token execution flows. The envelope samples public-demand proxy weights, compute-capacity priors, routing-cost weights, entropic-routing temperature, total electricity scaling and carbon-intensity multipliers. It is not an observed provider-routing confidence interval, not measured token OD, not measured electricity procurement, and no MRIO is used."
DNK,Denmark,0,0.0017883526797642,0.0,0.0,0.0,percent of modeled compute-host burden,global_token_flow_uncertainty_country_envelope_2024_no_mrio,"Monte Carlo uncertainty envelope for modeled token execution flows. The envelope samples public-demand proxy weights, compute-capacity priors, routing-cost weights, entropic-routing temperature, total electricity scaling and carbon-intensity multipliers. It is not an observed provider-routing confidence interval, not measured token OD, not measured electricity procurement, and no MRIO is used."
DOM,Dominican Republic,0,0.0010124572770939,0.0,0.0,0.0,percent of modeled compute-host burden,global_token_flow_uncertainty_country_envelope_2024_no_mrio,"Monte Carlo uncertainty envelope for modeled token execution flows. The envelope samples public-demand proxy weights, compute-capacity priors, routing-cost weights, entropic-routing temperature, total electricity scaling and carbon-intensity multipliers. It is not an observed provider-routing confidence interval, not measured token OD, not measured electricity procurement, and no MRIO is used."
DZA,Algeria,0,0.0054191288124459,0.0,0.0,0.0,percent of modeled compute-host burden,global_token_flow_uncertainty_country_envelope_2024_no_mrio,"Monte Carlo uncertainty envelope for modeled token execution flows. The envelope samples public-demand proxy weights, compute-capacity priors, routing-cost weights, entropic-routing temperature, total electricity scaling and carbon-intensity multipliers. It is not an observed provider-routing confidence interval, not measured token OD, not measured electricity procurement, and no MRIO is used."
ECU,Ecuador,0,0.0031981417705426,0.0,0.0,0.0,percent of modeled compute-host burden,global_token_flow_uncertainty_country_envelope_2024_no_mrio,"Monte Carlo uncertainty envelope for modeled token execution flows. The envelope samples public-demand proxy weights, compute-capacity priors, routing-cost weights, entropic-routing temperature, total electricity scaling and carbon-intensity multipliers. It is not an observed provider-routing confidence interval, not measured token OD, not measured electricity procurement, and no MRIO is used."
EGY,"Egypt, Arab Rep.",0,0.0104925499858495,0.0,0.0,0.0,percent of modeled compute-host burden,global_token_flow_uncertainty_country_envelope_2024_no_mrio,"Monte Carlo uncertainty envelope for modeled token execution flows. The envelope samples public-demand proxy weights, compute-capacity priors, routing-cost weights, entropic-routing temperature, total electricity scaling and carbon-intensity multipliers. It is not an observed provider-routing confidence interval, not measured token OD, not measured electricity procurement, and no MRIO is used."
EST,Estonia,0,0.0005040835536502,0.0,0.0,0.0,percent of modeled compute-host burden,global_token_flow_uncertainty_country_envelope_2024_no_mrio,"Monte Carlo uncertainty envelope for modeled token execution flows. The envelope samples public-demand proxy weights, compute-capacity priors, routing-cost weights, entropic-routing temperature, total electricity scaling and carbon-intensity multipliers. It is not an observed provider-routing confidence interval, not measured token OD, not measured electricity procurement, and no MRIO is used."
FJI,Fiji,0,7.67922443270878e-05,0.0,0.0,0.0,percent of modeled compute-host burden,global_token_flow_uncertainty_country_envelope_2024_no_mrio,"Monte Carlo uncertainty envelope for modeled token execution flows. The envelope samples public-demand proxy weights, compute-capacity priors, routing-cost weights, entropic-routing temperature, total electricity scaling and carbon-intensity multipliers. It is not an observed provider-routing confidence interval, not measured token OD, not measured electricity procurement, and no MRIO is used."
GAB,Gabon,0,0.0001546817484168,0.0,0.0,0.0,percent of modeled compute-host burden,global_token_flow_uncertainty_country_envelope_2024_no_mrio,"Monte Carlo uncertainty envelope for modeled token execution flows. The envelope samples public-demand proxy weights, compute-capacity priors, routing-cost weights, entropic-routing temperature, total electricity scaling and carbon-intensity multipliers. It is not an observed provider-routing confidence interval, not measured token OD, not measured electricity procurement, and no MRIO is used."
GEO,Georgia,0,0.000650624734214,0.0,0.0,0.0,percent of modeled compute-host burden,global_token_flow_uncertainty_country_envelope_2024_no_mrio,"Monte Carlo uncertainty envelope for modeled token execution flows. The envelope samples public-demand proxy weights, compute-capacity priors, routing-cost weights, entropic-routing temperature, total electricity scaling and carbon-intensity multipliers. It is not an observed provider-routing confidence interval, not measured token OD, not measured electricity procurement, and no MRIO is used."
GHA,Ghana,0,0.0025708101452485,0.0,0.0,0.0,percent of modeled compute-host burden,global_token_flow_uncertainty_country_envelope_2024_no_mrio,"Monte Carlo uncertainty envelope for modeled token execution flows. The envelope samples public-demand proxy weights, compute-capacity priors, routing-cost weights, entropic-routing temperature, total electricity scaling and carbon-intensity multipliers. It is not an observed provider-routing confidence interval, not measured token OD, not measured electricity procurement, and no MRIO is used."
GIB,Gibraltar,0,7.957552707404802e-06,0.0,0.0,0.0,percent of modeled compute-host burden,global_token_flow_uncertainty_country_envelope_2024_no_mrio,"Monte Carlo uncertainty envelope for modeled token execution flows. The envelope samples public-demand proxy weights, compute-capacity priors, routing-cost weights, entropic-routing temperature, total electricity scaling and carbon-intensity multipliers. It is not an observed provider-routing confidence interval, not measured token OD, not measured electricity procurement, and no MRIO is used."
GIN,Guinea,0,0.0003223817175199,0.0,0.0,0.0,percent of modeled compute-host burden,global_token_flow_uncertainty_country_envelope_2024_no_mrio,"Monte Carlo uncertainty envelope for modeled token execution flows. The envelope samples public-demand proxy weights, compute-capacity priors, routing-cost weights, entropic-routing temperature, total electricity scaling and carbon-intensity multipliers. It is not an observed provider-routing confidence interval, not measured token OD, not measured electricity procurement, and no MRIO is used."
GMB,"Gambia, The",0,8.335310062341636e-05,0.0,0.0,0.0,percent of modeled compute-host burden,global_token_flow_uncertainty_country_envelope_2024_no_mrio,"Monte Carlo uncertainty envelope for modeled token execution flows. The envelope samples public-demand proxy weights, compute-capacity priors, routing-cost weights, entropic-routing temperature, total electricity scaling and carbon-intensity multipliers. It is not an observed provider-routing confidence interval, not measured token OD, not measured electricity procurement, and no MRIO is used."
GRC,Greece,0,0.0016065551394836,0.0,0.0,0.0,percent of modeled compute-host burden,global_token_flow_uncertainty_country_envelope_2024_no_mrio,"Monte Carlo uncertainty envelope for modeled token execution flows. The envelope samples public-demand proxy weights, compute-capacity priors, routing-cost weights, entropic-routing temperature, total electricity scaling and carbon-intensity multipliers. It is not an observed provider-routing confidence interval, not measured token OD, not measured electricity procurement, and no MRIO is used."
GRD,Grenada,0,8.79403771675725e-06,0.0,0.0,0.0,percent of modeled compute-host burden,global_token_flow_uncertainty_country_envelope_2024_no_mrio,"Monte Carlo uncertainty envelope for modeled token execution flows. The envelope samples public-demand proxy weights, compute-capacity priors, routing-cost weights, entropic-routing temperature, total electricity scaling and carbon-intensity multipliers. It is not an observed provider-routing confidence interval, not measured token OD, not measured electricity procurement, and no MRIO is used."
GTM,Guatemala,0,0.0009470377102967,0.0,0.0,0.0,percent of modeled compute-host burden,global_token_flow_uncertainty_country_envelope_2024_no_mrio,"Monte Carlo uncertainty envelope for modeled token execution flows. The envelope samples public-demand proxy weights, compute-capacity priors, routing-cost weights, entropic-routing temperature, total electricity scaling and carbon-intensity multipliers. It is not an observed provider-routing confidence interval, not measured token OD, not measured electricity procurement, and no MRIO is used."
GUM,Guam,0,1.4024266400025015e-05,0.0,0.0,0.0,percent of modeled compute-host burden,global_token_flow_uncertainty_country_envelope_2024_no_mrio,"Monte Carlo uncertainty envelope for modeled token execution flows. The envelope samples public-demand proxy weights, compute-capacity priors, routing-cost weights, entropic-routing temperature, total electricity scaling and carbon-intensity multipliers. It is not an observed provider-routing confidence interval, not measured token OD, not measured electricity procurement, and no MRIO is used."
GUY,Guyana,0,5.843543496967594e-05,0.0,0.0,0.0,percent of modeled compute-host burden,global_token_flow_uncertainty_country_envelope_2024_no_mrio,"Monte Carlo uncertainty envelope for modeled token execution flows. The envelope samples public-demand proxy weights, compute-capacity priors, routing-cost weights, entropic-routing temperature, total electricity scaling and carbon-intensity multipliers. It is not an observed provider-routing confidence interval, not measured token OD, not measured electricity procurement, and no MRIO is used."
HND,Honduras,0,0.0004954252098198,0.0,0.0,0.0,percent of modeled compute-host burden,global_token_flow_uncertainty_country_envelope_2024_no_mrio,"Monte Carlo uncertainty envelope for modeled token execution flows. The envelope samples public-demand proxy weights, compute-capacity priors, routing-cost weights, entropic-routing temperature, total electricity scaling and carbon-intensity multipliers. It is not an observed provider-routing confidence interval, not measured token OD, not measured electricity procurement, and no MRIO is used."
HRV,Croatia,0,0.0006955119863843,0.0,0.0,0.0,percent of modeled compute-host burden,global_token_flow_uncertainty_country_envelope_2024_no_mrio,"Monte Carlo uncertainty envelope for modeled token execution flows. The envelope samples public-demand proxy weights, compute-capacity priors, routing-cost weights, entropic-routing temperature, total electricity scaling and carbon-intensity multipliers. It is not an observed provider-routing confidence interval, not measured token OD, not measured electricity procurement, and no MRIO is used."
HTI,Haiti,0,0.0003867664910171,0.0,0.0,0.0,percent of modeled compute-host burden,global_token_flow_uncertainty_country_envelope_2024_no_mrio,"Monte Carlo uncertainty envelope for modeled token execution flows. The envelope samples public-demand proxy weights, compute-capacity priors, routing-cost weights, entropic-routing temperature, total electricity scaling and carbon-intensity multipliers. It is not an observed provider-routing confidence interval, not measured token OD, not measured electricity procurement, and no MRIO is used."
HUN,Hungary,0,0.001448258131693,0.0,0.0,0.0,percent of modeled compute-host burden,global_token_flow_uncertainty_country_envelope_2024_no_mrio,"Monte Carlo uncertainty envelope for modeled token execution flows. The envelope samples public-demand proxy weights, compute-capacity priors, routing-cost weights, entropic-routing temperature, total electricity scaling and carbon-intensity multipliers. It is not an observed provider-routing confidence interval, not measured token OD, not measured electricity procurement, and no MRIO is used."
IMN,Isle of Man,0,2.0009587673397437e-05,0.0,0.0,0.0,percent of modeled compute-host burden,global_token_flow_uncertainty_country_envelope_2024_no_mrio,"Monte Carlo uncertainty envelope for modeled token execution flows. The envelope samples public-demand proxy weights, compute-capacity priors, routing-cost weights, entropic-routing temperature, total electricity scaling and carbon-intensity multipliers. It is not an observed provider-routing confidence interval, not measured token OD, not measured electricity procurement, and no MRIO is used."
IRN,"Iran, Islamic Rep.",0,0.002290282443809,0.0,0.0,0.0,percent of modeled compute-host burden,global_token_flow_uncertainty_country_envelope_2024_no_mrio,"Monte Carlo uncertainty envelope for modeled token execution flows. The envelope samples public-demand proxy weights, compute-capacity priors, routing-cost weights, entropic-routing temperature, total electricity scaling and carbon-intensity multipliers. It is not an observed provider-routing confidence interval, not measured token OD, not measured electricity procurement, and no MRIO is used."
IRQ,Iraq,0,0.002689442323442,0.0,0.0,0.0,percent of modeled compute-host burden,global_token_flow_uncertainty_country_envelope_2024_no_mrio,"Monte Carlo uncertainty envelope for modeled token execution flows. The envelope samples public-demand proxy weights, compute-capacity priors, routing-cost weights, entropic-routing temperature, total electricity scaling and carbon-intensity multipliers. It is not an observed provider-routing confidence interval, not measured token OD, not measured electricity procurement, and no MRIO is used."
ISL,Iceland,0,0.0001101494657643,0.0,0.0,0.0,percent of modeled compute-host burden,global_token_flow_uncertainty_country_envelope_2024_no_mrio,"Monte Carlo uncertainty envelope for modeled token execution flows. The envelope samples public-demand proxy weights, compute-capacity priors, routing-cost weights, entropic-routing temperature, total electricity scaling and carbon-intensity multipliers. It is not an observed provider-routing confidence interval, not measured token OD, not measured electricity procurement, and no MRIO is used."
JAM,Jamaica,0,0.0002678551909066,0.0,0.0,0.0,percent of modeled compute-host burden,global_token_flow_uncertainty_country_envelope_2024_no_mrio,"Monte Carlo uncertainty envelope for modeled token execution flows. The envelope samples public-demand proxy weights, compute-capacity priors, routing-cost weights, entropic-routing temperature, total electricity scaling and carbon-intensity multipliers. It is not an observed provider-routing confidence interval, not measured token OD, not measured electricity procurement, and no MRIO is used."
JOR,Jordan,0,0.0010114693332819,0.0,0.0,0.0,percent of modeled compute-host burden,global_token_flow_uncertainty_country_envelope_2024_no_mrio,"Monte Carlo uncertainty envelope for modeled token execution flows. The envelope samples public-demand proxy weights, compute-capacity priors, routing-cost weights, entropic-routing temperature, total electricity scaling and carbon-intensity multipliers. It is not an observed provider-routing confidence interval, not measured token OD, not measured electricity procurement, and no MRIO is used."
KAZ,Kazakhstan,0,0.0032999410482964,0.0,0.0,0.0,percent of modeled compute-host burden,global_token_flow_uncertainty_country_envelope_2024_no_mrio,"Monte Carlo uncertainty envelope for modeled token execution flows. The envelope samples public-demand proxy weights, compute-capacity priors, routing-cost weights, entropic-routing temperature, total electricity scaling and carbon-intensity multipliers. It is not an observed provider-routing confidence interval, not measured token OD, not measured electricity procurement, and no MRIO is used."
KEN,Kenya,0,0.0044640914519961,0.0,0.0,0.0,percent of modeled compute-host burden,global_token_flow_uncertainty_country_envelope_2024_no_mrio,"Monte Carlo uncertainty envelope for modeled token execution flows. The envelope samples public-demand proxy weights, compute-capacity priors, routing-cost weights, entropic-routing temperature, total electricity scaling and carbon-intensity multipliers. It is not an observed provider-routing confidence interval, not measured token OD, not measured electricity procurement, and no MRIO is used."
KGZ,Kyrgyz Republic,0,0.0004919087193136,0.0,0.0,0.0,percent of modeled compute-host burden,global_token_flow_uncertainty_country_envelope_2024_no_mrio,"Monte Carlo uncertainty envelope for modeled token execution flows. The envelope samples public-demand proxy weights, compute-capacity priors, routing-cost weights, entropic-routing temperature, total electricity scaling and carbon-intensity multipliers. It is not an observed provider-routing confidence interval, not measured token OD, not measured electricity procurement, and no MRIO is used."
KHM,Cambodia,0,0.0010234096012487,0.0,0.0,0.0,percent of modeled compute-host burden,global_token_flow_uncertainty_country_envelope_2024_no_mrio,"Monte Carlo uncertainty envelope for modeled token execution flows. The envelope samples public-demand proxy weights, compute-capacity priors, routing-cost weights, entropic-routing temperature, total electricity scaling and carbon-intensity multipliers. It is not an observed provider-routing confidence interval, not measured token OD, not measured electricity procurement, and no MRIO is used."
KWT,Kuwait,0,0.0006297373304968,0.0,0.0,0.0,percent of modeled compute-host burden,global_token_flow_uncertainty_country_envelope_2024_no_mrio,"Monte Carlo uncertainty envelope for modeled token execution flows. The envelope samples public-demand proxy weights, compute-capacity priors, routing-cost weights, entropic-routing temperature, total electricity scaling and carbon-intensity multipliers. It is not an observed provider-routing confidence interval, not measured token OD, not measured electricity procurement, and no MRIO is used."
LAO,Lao PDR,0,0.0003566167053984,0.0,0.0,0.0,percent of modeled compute-host burden,global_token_flow_uncertainty_country_envelope_2024_no_mrio,"Monte Carlo uncertainty envelope for modeled token execution flows. The envelope samples public-demand proxy weights, compute-capacity priors, routing-cost weights, entropic-routing temperature, total electricity scaling and carbon-intensity multipliers. It is not an observed provider-routing confidence interval, not measured token OD, not measured electricity procurement, and no MRIO is used."
LBN,Lebanon,0,0.0005417146432845,0.0,0.0,0.0,percent of modeled compute-host burden,global_token_flow_uncertainty_country_envelope_2024_no_mrio,"Monte Carlo uncertainty envelope for modeled token execution flows. The envelope samples public-demand proxy weights, compute-capacity priors, routing-cost weights, entropic-routing temperature, total electricity scaling and carbon-intensity multipliers. It is not an observed provider-routing confidence interval, not measured token OD, not measured electricity procurement, and no MRIO is used."
LBR,Liberia,0,0.0001234152284645,0.0,0.0,0.0,percent of modeled compute-host burden,global_token_flow_uncertainty_country_envelope_2024_no_mrio,"Monte Carlo uncertainty envelope for modeled token execution flows. The envelope samples public-demand proxy weights, compute-capacity priors, routing-cost weights, entropic-routing temperature, total electricity scaling and carbon-intensity multipliers. It is not an observed provider-routing confidence interval, not measured token OD, not measured electricity procurement, and no MRIO is used."
LCA,St. Lucia,0,1.8002541785295814e-05,0.0,0.0,0.0,percent of modeled compute-host burden,global_token_flow_uncertainty_country_envelope_2024_no_mrio,"Monte Carlo uncertainty envelope for modeled token execution flows. The envelope samples public-demand proxy weights, compute-capacity priors, routing-cost weights, entropic-routing temperature, total electricity scaling and carbon-intensity multipliers. It is not an observed provider-routing confidence interval, not measured token OD, not measured electricity procurement, and no MRIO is used."
LIE,Liechtenstein,0,9.511561797547694e-06,0.0,0.0,0.0,percent of modeled compute-host burden,global_token_flow_uncertainty_country_envelope_2024_no_mrio,"Monte Carlo uncertainty envelope for modeled token execution flows. The envelope samples public-demand proxy weights, compute-capacity priors, routing-cost weights, entropic-routing temperature, total electricity scaling and carbon-intensity multipliers. It is not an observed provider-routing confidence interval, not measured token OD, not measured electricity procurement, and no MRIO is used."
LKA,Sri Lanka,0,0.0021715670534573,0.0,0.0,0.0,percent of modeled compute-host burden,global_token_flow_uncertainty_country_envelope_2024_no_mrio,"Monte Carlo uncertainty envelope for modeled token execution flows. The envelope samples public-demand proxy weights, compute-capacity priors, routing-cost weights, entropic-routing temperature, total electricity scaling and carbon-intensity multipliers. It is not an observed provider-routing confidence interval, not measured token OD, not measured electricity procurement, and no MRIO is used."
LSO,Lesotho,0,0.0001045342075664,0.0,0.0,0.0,percent of modeled compute-host burden,global_token_flow_uncertainty_country_envelope_2024_no_mrio,"Monte Carlo uncertainty envelope for modeled token execution flows. The envelope samples public-demand proxy weights, compute-capacity priors, routing-cost weights, entropic-routing temperature, total electricity scaling and carbon-intensity multipliers. It is not an observed provider-routing confidence interval, not measured token OD, not measured electricity procurement, and no MRIO is used."
LTU,Lithuania,0,0.0006812500747268,0.0,0.0,0.0,percent of modeled compute-host burden,global_token_flow_uncertainty_country_envelope_2024_no_mrio,"Monte Carlo uncertainty envelope for modeled token execution flows. The envelope samples public-demand proxy weights, compute-capacity priors, routing-cost weights, entropic-routing temperature, total electricity scaling and carbon-intensity multipliers. It is not an observed provider-routing confidence interval, not measured token OD, not measured electricity procurement, and no MRIO is used."
LUX,Luxembourg,0,0.0003967497738607,0.0,0.0,0.0,percent of modeled compute-host burden,global_token_flow_uncertainty_country_envelope_2024_no_mrio,"Monte Carlo uncertainty envelope for modeled token execution flows. The envelope samples public-demand proxy weights, compute-capacity priors, routing-cost weights, entropic-routing temperature, total electricity scaling and carbon-intensity multipliers. It is not an observed provider-routing confidence interval, not measured token OD, not measured electricity procurement, and no MRIO is used."
LVA,Latvia,0,0.0004350282730588,0.0,0.0,0.0,percent of modeled compute-host burden,global_token_flow_uncertainty_country_envelope_2024_no_mrio,"Monte Carlo uncertainty envelope for modeled token execution flows. The envelope samples public-demand proxy weights, compute-capacity priors, routing-cost weights, entropic-routing temperature, total electricity scaling and carbon-intensity multipliers. It is not an observed provider-routing confidence interval, not measured token OD, not measured electricity procurement, and no MRIO is used."
MAF,St. Martin (French part),0,4.137371180757498e-06,0.0,0.0,0.0,percent of modeled compute-host burden,global_token_flow_uncertainty_country_envelope_2024_no_mrio,"Monte Carlo uncertainty envelope for modeled token execution flows. The envelope samples public-demand proxy weights, compute-capacity priors, routing-cost weights, entropic-routing temperature, total electricity scaling and carbon-intensity multipliers. It is not an observed provider-routing confidence interval, not measured token OD, not measured electricity procurement, and no MRIO is used."
MAR,Morocco,0,0.0060509717781818,0.0,0.0,0.0,percent of modeled compute-host burden,global_token_flow_uncertainty_country_envelope_2024_no_mrio,"Monte Carlo uncertainty envelope for modeled token execution flows. The envelope samples public-demand proxy weights, compute-capacity priors, routing-cost weights, entropic-routing temperature, total electricity scaling and carbon-intensity multipliers. It is not an observed provider-routing confidence interval, not measured token OD, not measured electricity procurement, and no MRIO is used."
MCO,Monaco,0,1.2448085929091538e-05,0.0,0.0,0.0,percent of modeled compute-host burden,global_token_flow_uncertainty_country_envelope_2024_no_mrio,"Monte Carlo uncertainty envelope for modeled token execution flows. The envelope samples public-demand proxy weights, compute-capacity priors, routing-cost weights, entropic-routing temperature, total electricity scaling and carbon-intensity multipliers. It is not an observed provider-routing confidence interval, not measured token OD, not measured electricity procurement, and no MRIO is used."
MDA,Moldova,0,0.0003093978007828,0.0,0.0,0.0,percent of modeled compute-host burden,global_token_flow_uncertainty_country_envelope_2024_no_mrio,"Monte Carlo uncertainty envelope for modeled token execution flows. The envelope samples public-demand proxy weights, compute-capacity priors, routing-cost weights, entropic-routing temperature, total electricity scaling and carbon-intensity multipliers. It is not an observed provider-routing confidence interval, not measured token OD, not measured electricity procurement, and no MRIO is used."
MDG,Madagascar,0,0.0007918620807498,0.0,0.0,0.0,percent of modeled compute-host burden,global_token_flow_uncertainty_country_envelope_2024_no_mrio,"Monte Carlo uncertainty envelope for modeled token execution flows. The envelope samples public-demand proxy weights, compute-capacity priors, routing-cost weights, entropic-routing temperature, total electricity scaling and carbon-intensity multipliers. It is not an observed provider-routing confidence interval, not measured token OD, not measured electricity procurement, and no MRIO is used."
MDV,Maldives,0,8.554277752375933e-05,0.0,0.0,0.0,percent of modeled compute-host burden,global_token_flow_uncertainty_country_envelope_2024_no_mrio,"Monte Carlo uncertainty envelope for modeled token execution flows. The envelope samples public-demand proxy weights, compute-capacity priors, routing-cost weights, entropic-routing temperature, total electricity scaling and carbon-intensity multipliers. It is not an observed provider-routing confidence interval, not measured token OD, not measured electricity procurement, and no MRIO is used."
MKD,North Macedonia,0,0.0002801637467648,0.0,0.0,0.0,percent of modeled compute-host burden,global_token_flow_uncertainty_country_envelope_2024_no_mrio,"Monte Carlo uncertainty envelope for modeled token execution flows. The envelope samples public-demand proxy weights, compute-capacity priors, routing-cost weights, entropic-routing temperature, total electricity scaling and carbon-intensity multipliers. It is not an observed provider-routing confidence interval, not measured token OD, not measured electricity procurement, and no MRIO is used."
MLT,Malta,0,0.0001749488224824,0.0,0.0,0.0,percent of modeled compute-host burden,global_token_flow_uncertainty_country_envelope_2024_no_mrio,"Monte Carlo uncertainty envelope for modeled token execution flows. The envelope samples public-demand proxy weights, compute-capacity priors, routing-cost weights, entropic-routing temperature, total electricity scaling and carbon-intensity multipliers. It is not an observed provider-routing confidence interval, not measured token OD, not measured electricity procurement, and no MRIO is used."
MNE,Montenegro,0,0.0001127056089693,0.0,0.0,0.0,percent of modeled compute-host burden,global_token_flow_uncertainty_country_envelope_2024_no_mrio,"Monte Carlo uncertainty envelope for modeled token execution flows. The envelope samples public-demand proxy weights, compute-capacity priors, routing-cost weights, entropic-routing temperature, total electricity scaling and carbon-intensity multipliers. It is not an observed provider-routing confidence interval, not measured token OD, not measured electricity procurement, and no MRIO is used."
MNG,Mongolia,0,0.0003046144256258,0.0,0.0,0.0,percent of modeled compute-host burden,global_token_flow_uncertainty_country_envelope_2024_no_mrio,"Monte Carlo uncertainty envelope for modeled token execution flows. The envelope samples public-demand proxy weights, compute-capacity priors, routing-cost weights, entropic-routing temperature, total electricity scaling and carbon-intensity multipliers. It is not an observed provider-routing confidence interval, not measured token OD, not measured electricity procurement, and no MRIO is used."
MOZ,Mozambique,0,0.0004847067088689,0.0,0.0,0.0,percent of modeled compute-host burden,global_token_flow_uncertainty_country_envelope_2024_no_mrio,"Monte Carlo uncertainty envelope for modeled token execution flows. The envelope samples public-demand proxy weights, compute-capacity priors, routing-cost weights, entropic-routing temperature, total electricity scaling and carbon-intensity multipliers. It is not an observed provider-routing confidence interval, not measured token OD, not measured electricity procurement, and no MRIO is used."
MRT,Mauritania,0,0.0001625103975985,0.0,0.0,0.0,percent of modeled compute-host burden,global_token_flow_uncertainty_country_envelope_2024_no_mrio,"Monte Carlo uncertainty envelope for modeled token execution flows. The envelope samples public-demand proxy weights, compute-capacity priors, routing-cost weights, entropic-routing temperature, total electricity scaling and carbon-intensity multipliers. It is not an observed provider-routing confidence interval, not measured token OD, not measured electricity procurement, and no MRIO is used."
MUS,Mauritius,0,0.0001693973455673,0.0,0.0,0.0,percent of modeled compute-host burden,global_token_flow_uncertainty_country_envelope_2024_no_mrio,"Monte Carlo uncertainty envelope for modeled token execution flows. The envelope samples public-demand proxy weights, compute-capacity priors, routing-cost weights, entropic-routing temperature, total electricity scaling and carbon-intensity multipliers. It is not an observed provider-routing confidence interval, not measured token OD, not measured electricity procurement, and no MRIO is used."
MWI,Malawi,0,0.0003335852947697,0.0,0.0,0.0,percent of modeled compute-host burden,global_token_flow_uncertainty_country_envelope_2024_no_mrio,"Monte Carlo uncertainty envelope for modeled token execution flows. The envelope samples public-demand proxy weights, compute-capacity priors, routing-cost weights, entropic-routing temperature, total electricity scaling and carbon-intensity multipliers. It is not an observed provider-routing confidence interval, not measured token OD, not measured electricity procurement, and no MRIO is used."
NCL,New Caledonia,0,2.46518588427576e-05,0.0,0.0,0.0,percent of modeled compute-host burden,global_token_flow_uncertainty_country_envelope_2024_no_mrio,"Monte Carlo uncertainty envelope for modeled token execution flows. The envelope samples public-demand proxy weights, compute-capacity priors, routing-cost weights, entropic-routing temperature, total electricity scaling and carbon-intensity multipliers. It is not an observed provider-routing confidence interval, not measured token OD, not measured electricity procurement, and no MRIO is used."
NER,Niger,0,0.0002735709978859,0.0,0.0,0.0,percent of modeled compute-host burden,global_token_flow_uncertainty_country_envelope_2024_no_mrio,"Monte Carlo uncertainty envelope for modeled token execution flows. The envelope samples public-demand proxy weights, compute-capacity priors, routing-cost weights, entropic-routing temperature, total electricity scaling and carbon-intensity multipliers. It is not an observed provider-routing confidence interval, not measured token OD, not measured electricity procurement, and no MRIO is used."
NGA,Nigeria,0,0.0131867152062496,0.0,0.0,0.0,percent of modeled compute-host burden,global_token_flow_uncertainty_country_envelope_2024_no_mrio,"Monte Carlo uncertainty envelope for modeled token execution flows. The envelope samples public-demand proxy weights, compute-capacity priors, routing-cost weights, entropic-routing temperature, total electricity scaling and carbon-intensity multipliers. It is not an observed provider-routing confidence interval, not measured token OD, not measured electricity procurement, and no MRIO is used."
NPL,Nepal,0,0.0018475293948247,0.0,0.0,0.0,percent of modeled compute-host burden,global_token_flow_uncertainty_country_envelope_2024_no_mrio,"Monte Carlo uncertainty envelope for modeled token execution flows. The envelope samples public-demand proxy weights, compute-capacity priors, routing-cost weights, entropic-routing temperature, total electricity scaling and carbon-intensity multipliers. It is not an observed provider-routing confidence interval, not measured token OD, not measured electricity procurement, and no MRIO is used."
OMN,Oman,0,0.0004214809701245,0.0,0.0,0.0,percent of modeled compute-host burden,global_token_flow_uncertainty_country_envelope_2024_no_mrio,"Monte Carlo uncertainty envelope for modeled token execution flows. The envelope samples public-demand proxy weights, compute-capacity priors, routing-cost weights, entropic-routing temperature, total electricity scaling and carbon-intensity multipliers. It is not an observed provider-routing confidence interval, not measured token OD, not measured electricity procurement, and no MRIO is used."
PAK,Pakistan,0,0.0202926135521071,0.0,0.0,0.0,percent of modeled compute-host burden,global_token_flow_uncertainty_country_envelope_2024_no_mrio,"Monte Carlo uncertainty envelope for modeled token execution flows. The envelope samples public-demand proxy weights, compute-capacity priors, routing-cost weights, entropic-routing temperature, total electricity scaling and carbon-intensity multipliers. It is not an observed provider-routing confidence interval, not measured token OD, not measured electricity procurement, and no MRIO is used."
PAN,Panama,0,0.0003883279480171,0.0,0.0,0.0,percent of modeled compute-host burden,global_token_flow_uncertainty_country_envelope_2024_no_mrio,"Monte Carlo uncertainty envelope for modeled token execution flows. The envelope samples public-demand proxy weights, compute-capacity priors, routing-cost weights, entropic-routing temperature, total electricity scaling and carbon-intensity multipliers. It is not an observed provider-routing confidence interval, not measured token OD, not measured electricity procurement, and no MRIO is used."
PER,Peru,0,0.0063422789710976,0.0,0.0,0.0,percent of modeled compute-host burden,global_token_flow_uncertainty_country_envelope_2024_no_mrio,"Monte Carlo uncertainty envelope for modeled token execution flows. The envelope samples public-demand proxy weights, compute-capacity priors, routing-cost weights, entropic-routing temperature, total electricity scaling and carbon-intensity multipliers. It is not an observed provider-routing confidence interval, not measured token OD, not measured electricity procurement, and no MRIO is used."
PHL,Philippines,0,0.0134735473551117,0.0,0.0,0.0,percent of modeled compute-host burden,global_token_flow_uncertainty_country_envelope_2024_no_mrio,"Monte Carlo uncertainty envelope for modeled token execution flows. The envelope samples public-demand proxy weights, compute-capacity priors, routing-cost weights, entropic-routing temperature, total electricity scaling and carbon-intensity multipliers. It is not an observed provider-routing confidence interval, not measured token OD, not measured electricity procurement, and no MRIO is used."
PNG,Papua New Guinea,0,0.0001605010367153,0.0,0.0,0.0,percent of modeled compute-host burden,global_token_flow_uncertainty_country_envelope_2024_no_mrio,"Monte Carlo uncertainty envelope for modeled token execution flows. The envelope samples public-demand proxy weights, compute-capacity priors, routing-cost weights, entropic-routing temperature, total electricity scaling and carbon-intensity multipliers. It is not an observed provider-routing confidence interval, not measured token OD, not measured electricity procurement, and no MRIO is used."
PRI,Puerto Rico (US),0,0.0003117630815524,0.0,0.0,0.0,percent of modeled compute-host burden,global_token_flow_uncertainty_country_envelope_2024_no_mrio,"Monte Carlo uncertainty envelope for modeled token execution flows. The envelope samples public-demand proxy weights, compute-capacity priors, routing-cost weights, entropic-routing temperature, total electricity scaling and carbon-intensity multipliers. It is not an observed provider-routing confidence interval, not measured token OD, not measured electricity procurement, and no MRIO is used."
PRT,Portugal,0,0.0039912477064593,0.0,0.0,0.0,percent of modeled compute-host burden,global_token_flow_uncertainty_country_envelope_2024_no_mrio,"Monte Carlo uncertainty envelope for modeled token execution flows. The envelope samples public-demand proxy weights, compute-capacity priors, routing-cost weights, entropic-routing temperature, total electricity scaling and carbon-intensity multipliers. It is not an observed provider-routing confidence interval, not measured token OD, not measured electricity procurement, and no MRIO is used."
PRY,Paraguay,0,0.0004898078723097,0.0,0.0,0.0,percent of modeled compute-host burden,global_token_flow_uncertainty_country_envelope_2024_no_mrio,"Monte Carlo uncertainty envelope for modeled token execution flows. The envelope samples public-demand proxy weights, compute-capacity priors, routing-cost weights, entropic-routing temperature, total electricity scaling and carbon-intensity multipliers. It is not an observed provider-routing confidence interval, not measured token OD, not measured electricity procurement, and no MRIO is used."
PSE,West Bank and Gaza,0,0.0003806975544776,0.0,0.0,0.0,percent of modeled compute-host burden,global_token_flow_uncertainty_country_envelope_2024_no_mrio,"Monte Carlo uncertainty envelope for modeled token execution flows. The envelope samples public-demand proxy weights, compute-capacity priors, routing-cost weights, entropic-routing temperature, total electricity scaling and carbon-intensity multipliers. It is not an observed provider-routing confidence interval, not measured token OD, not measured electricity procurement, and no MRIO is used."
PYF,French Polynesia,0,3.116302237262658e-05,0.0,0.0,0.0,percent of modeled compute-host burden,global_token_flow_uncertainty_country_envelope_2024_no_mrio,"Monte Carlo uncertainty envelope for modeled token execution flows. The envelope samples public-demand proxy weights, compute-capacity priors, routing-cost weights, entropic-routing temperature, total electricity scaling and carbon-intensity multipliers. It is not an observed provider-routing confidence interval, not measured token OD, not measured electricity procurement, and no MRIO is used."
ROU,Romania,0,0.0043066856619982,0.0,0.0,0.0,percent of modeled compute-host burden,global_token_flow_uncertainty_country_envelope_2024_no_mrio,"Monte Carlo uncertainty envelope for modeled token execution flows. The envelope samples public-demand proxy weights, compute-capacity priors, routing-cost weights, entropic-routing temperature, total electricity scaling and carbon-intensity multipliers. It is not an observed provider-routing confidence interval, not measured token OD, not measured electricity procurement, and no MRIO is used."
RUS,Russian Federation,0,0.0039251703904157,0.0,0.0,0.0,percent of modeled compute-host burden,global_token_flow_uncertainty_country_envelope_2024_no_mrio,"Monte Carlo uncertainty envelope for modeled token execution flows. The envelope samples public-demand proxy weights, compute-capacity priors, routing-cost weights, entropic-routing temperature, total electricity scaling and carbon-intensity multipliers. It is not an observed provider-routing confidence interval, not measured token OD, not measured electricity procurement, and no MRIO is used."
RWA,Rwanda,0,0.0006005048908507,0.0,0.0,0.0,percent of modeled compute-host burden,global_token_flow_uncertainty_country_envelope_2024_no_mrio,"Monte Carlo uncertainty envelope for modeled token execution flows. The envelope samples public-demand proxy weights, compute-capacity priors, routing-cost weights, entropic-routing temperature, total electricity scaling and carbon-intensity multipliers. It is not an observed provider-routing confidence interval, not measured token OD, not measured electricity procurement, and no MRIO is used."
SEN,Senegal,0,0.0009731399549811,0.0,0.0,0.0,percent of modeled compute-host burden,global_token_flow_uncertainty_country_envelope_2024_no_mrio,"Monte Carlo uncertainty envelope for modeled token execution flows. The envelope samples public-demand proxy weights, compute-capacity priors, routing-cost weights, entropic-routing temperature, total electricity scaling and carbon-intensity multipliers. It is not an observed provider-routing confidence interval, not measured token OD, not measured electricity procurement, and no MRIO is used."
SLE,Sierra Leone,0,0.0001579979911438,0.0,0.0,0.0,percent of modeled compute-host burden,global_token_flow_uncertainty_country_envelope_2024_no_mrio,"Monte Carlo uncertainty envelope for modeled token execution flows. The envelope samples public-demand proxy weights, compute-capacity priors, routing-cost weights, entropic-routing temperature, total electricity scaling and carbon-intensity multipliers. It is not an observed provider-routing confidence interval, not measured token OD, not measured electricity procurement, and no MRIO is used."
SLV,El Salvador,0,0.0003990672369891,0.0,0.0,0.0,percent of modeled compute-host burden,global_token_flow_uncertainty_country_envelope_2024_no_mrio,"Monte Carlo uncertainty envelope for modeled token execution flows. The envelope samples public-demand proxy weights, compute-capacity priors, routing-cost weights, entropic-routing temperature, total electricity scaling and carbon-intensity multipliers. It is not an observed provider-routing confidence interval, not measured token OD, not measured electricity procurement, and no MRIO is used."
SMR,San Marino,0,7.508692493991009e-06,0.0,0.0,0.0,percent of modeled compute-host burden,global_token_flow_uncertainty_country_envelope_2024_no_mrio,"Monte Carlo uncertainty envelope for modeled token execution flows. The envelope samples public-demand proxy weights, compute-capacity priors, routing-cost weights, entropic-routing temperature, total electricity scaling and carbon-intensity multipliers. It is not an observed provider-routing confidence interval, not measured token OD, not measured electricity procurement, and no MRIO is used."
SRB,Serbia,0,0.0012122484917267,0.0,0.0,0.0,percent of modeled compute-host burden,global_token_flow_uncertainty_country_envelope_2024_no_mrio,"Monte Carlo uncertainty envelope for modeled token execution flows. The envelope samples public-demand proxy weights, compute-capacity priors, routing-cost weights, entropic-routing temperature, total electricity scaling and carbon-intensity multipliers. It is not an observed provider-routing confidence interval, not measured token OD, not measured electricity procurement, and no MRIO is used."
SUR,Suriname,0,4.779708508619478e-05,0.0,0.0,0.0,percent of modeled compute-host burden,global_token_flow_uncertainty_country_envelope_2024_no_mrio,"Monte Carlo uncertainty envelope for modeled token execution flows. The envelope samples public-demand proxy weights, compute-capacity priors, routing-cost weights, entropic-routing temperature, total electricity scaling and carbon-intensity multipliers. It is not an observed provider-routing confidence interval, not measured token OD, not measured electricity procurement, and no MRIO is used."
SVK,Slovak Republic,0,0.0008889698563415,0.0,0.0,0.0,percent of modeled compute-host burden,global_token_flow_uncertainty_country_envelope_2024_no_mrio,"Monte Carlo uncertainty envelope for modeled token execution flows. The envelope samples public-demand proxy weights, compute-capacity priors, routing-cost weights, entropic-routing temperature, total electricity scaling and carbon-intensity multipliers. It is not an observed provider-routing confidence interval, not measured token OD, not measured electricity procurement, and no MRIO is used."
SVN,Slovenia,0,0.0004619620724504,0.0,0.0,0.0,percent of modeled compute-host burden,global_token_flow_uncertainty_country_envelope_2024_no_mrio,"Monte Carlo uncertainty envelope for modeled token execution flows. The envelope samples public-demand proxy weights, compute-capacity priors, routing-cost weights, entropic-routing temperature, total electricity scaling and carbon-intensity multipliers. It is not an observed provider-routing confidence interval, not measured token OD, not measured electricity procurement, and no MRIO is used."
SWZ,Eswatini,0,7.522511147763878e-05,0.0,0.0,0.0,percent of modeled compute-host burden,global_token_flow_uncertainty_country_envelope_2024_no_mrio,"Monte Carlo uncertainty envelope for modeled token execution flows. The envelope samples public-demand proxy weights, compute-capacity priors, routing-cost weights, entropic-routing temperature, total electricity scaling and carbon-intensity multipliers. It is not an observed provider-routing confidence interval, not measured token OD, not measured electricity procurement, and no MRIO is used."
TCD,Chad,0,0.0001656857299496,0.0,0.0,0.0,percent of modeled compute-host burden,global_token_flow_uncertainty_country_envelope_2024_no_mrio,"Monte Carlo uncertainty envelope for modeled token execution flows. The envelope samples public-demand proxy weights, compute-capacity priors, routing-cost weights, entropic-routing temperature, total electricity scaling and carbon-intensity multipliers. It is not an observed provider-routing confidence interval, not measured token OD, not measured electricity procurement, and no MRIO is used."
TGO,Togo,0,0.0003482878530386,0.0,0.0,0.0,percent of modeled compute-host burden,global_token_flow_uncertainty_country_envelope_2024_no_mrio,"Monte Carlo uncertainty envelope for modeled token execution flows. The envelope samples public-demand proxy weights, compute-capacity priors, routing-cost weights, entropic-routing temperature, total electricity scaling and carbon-intensity multipliers. It is not an observed provider-routing confidence interval, not measured token OD, not measured electricity procurement, and no MRIO is used."
THA,Thailand,0,0.0093762788659682,0.0,0.0,0.0,percent of modeled compute-host burden,global_token_flow_uncertainty_country_envelope_2024_no_mrio,"Monte Carlo uncertainty envelope for modeled token execution flows. The envelope samples public-demand proxy weights, compute-capacity priors, routing-cost weights, entropic-routing temperature, total electricity scaling and carbon-intensity multipliers. It is not an observed provider-routing confidence interval, not measured token OD, not measured electricity procurement, and no MRIO is used."
TJK,Tajikistan,0,0.0003433379959779,0.0,0.0,0.0,percent of modeled compute-host burden,global_token_flow_uncertainty_country_envelope_2024_no_mrio,"Monte Carlo uncertainty envelope for modeled token execution flows. The envelope samples public-demand proxy weights, compute-capacity priors, routing-cost weights, entropic-routing temperature, total electricity scaling and carbon-intensity multipliers. It is not an observed provider-routing confidence interval, not measured token OD, not measured electricity procurement, and no MRIO is used."
TLS,Timor-Leste,0,5.13991862559879e-05,0.0,0.0,0.0,percent of modeled compute-host burden,global_token_flow_uncertainty_country_envelope_2024_no_mrio,"Monte Carlo uncertainty envelope for modeled token execution flows. The envelope samples public-demand proxy weights, compute-capacity priors, routing-cost weights, entropic-routing temperature, total electricity scaling and carbon-intensity multipliers. It is not an observed provider-routing confidence interval, not measured token OD, not measured electricity procurement, and no MRIO is used."
TTO,Trinidad and Tobago,0,0.0001266012414413,0.0,0.0,0.0,percent of modeled compute-host burden,global_token_flow_uncertainty_country_envelope_2024_no_mrio,"Monte Carlo uncertainty envelope for modeled token execution flows. The envelope samples public-demand proxy weights, compute-capacity priors, routing-cost weights, entropic-routing temperature, total electricity scaling and carbon-intensity multipliers. It is not an observed provider-routing confidence interval, not measured token OD, not measured electricity procurement, and no MRIO is used."
TUN,Tunisia,0,0.0013167954765176,0.0,0.0,0.0,percent of modeled compute-host burden,global_token_flow_uncertainty_country_envelope_2024_no_mrio,"Monte Carlo uncertainty envelope for modeled token execution flows. The envelope samples public-demand proxy weights, compute-capacity priors, routing-cost weights, entropic-routing temperature, total electricity scaling and carbon-intensity multipliers. It is not an observed provider-routing confidence interval, not measured token OD, not measured electricity procurement, and no MRIO is used."
TUR,Turkiye,0,0.0127639258849823,0.0,0.0,0.0,percent of modeled compute-host burden,global_token_flow_uncertainty_country_envelope_2024_no_mrio,"Monte Carlo uncertainty envelope for modeled token execution flows. The envelope samples public-demand proxy weights, compute-capacity priors, routing-cost weights, entropic-routing temperature, total electricity scaling and carbon-intensity multipliers. It is not an observed provider-routing confidence interval, not measured token OD, not measured electricity procurement, and no MRIO is used."
TZA,Tanzania,0,0.001455266472196,0.0,0.0,0.0,percent of modeled compute-host burden,global_token_flow_uncertainty_country_envelope_2024_no_mrio,"Monte Carlo uncertainty envelope for modeled token execution flows. The envelope samples public-demand proxy weights, compute-capacity priors, routing-cost weights, entropic-routing temperature, total electricity scaling and carbon-intensity multipliers. It is not an observed provider-routing confidence interval, not measured token OD, not measured electricity procurement, and no MRIO is used."
UGA,Uganda,0,0.0004387286242359,0.0,0.0,0.0,percent of modeled compute-host burden,global_token_flow_uncertainty_country_envelope_2024_no_mrio,"Monte Carlo uncertainty envelope for modeled token execution flows. The envelope samples public-demand proxy weights, compute-capacity priors, routing-cost weights, entropic-routing temperature, total electricity scaling and carbon-intensity multipliers. It is not an observed provider-routing confidence interval, not measured token OD, not measured electricity procurement, and no MRIO is used."
UKR,Ukraine,0,0.0087451612119966,0.0,0.0,0.0,percent of modeled compute-host burden,global_token_flow_uncertainty_country_envelope_2024_no_mrio,"Monte Carlo uncertainty envelope for modeled token execution flows. The envelope samples public-demand proxy weights, compute-capacity priors, routing-cost weights, entropic-routing temperature, total electricity scaling and carbon-intensity multipliers. It is not an observed provider-routing confidence interval, not measured token OD, not measured electricity procurement, and no MRIO is used."
URY,Uruguay,0,0.0004650800490671,0.0,0.0,0.0,percent of modeled compute-host burden,global_token_flow_uncertainty_country_envelope_2024_no_mrio,"Monte Carlo uncertainty envelope for modeled token execution flows. The envelope samples public-demand proxy weights, compute-capacity priors, routing-cost weights, entropic-routing temperature, total electricity scaling and carbon-intensity multipliers. It is not an observed provider-routing confidence interval, not measured token OD, not measured electricity procurement, and no MRIO is used."
UZB,Uzbekistan,0,0.0024515828660956,0.0,0.0,0.0,percent of modeled compute-host burden,global_token_flow_uncertainty_country_envelope_2024_no_mrio,"Monte Carlo uncertainty envelope for modeled token execution flows. The envelope samples public-demand proxy weights, compute-capacity priors, routing-cost weights, entropic-routing temperature, total electricity scaling and carbon-intensity multipliers. It is not an observed provider-routing confidence interval, not measured token OD, not measured electricity procurement, and no MRIO is used."
VCT,St. Vincent and the Grenadines,0,9.07382731256618e-06,0.0,0.0,0.0,percent of modeled compute-host burden,global_token_flow_uncertainty_country_envelope_2024_no_mrio,"Monte Carlo uncertainty envelope for modeled token execution flows. The envelope samples public-demand proxy weights, compute-capacity priors, routing-cost weights, entropic-routing temperature, total electricity scaling and carbon-intensity multipliers. It is not an observed provider-routing confidence interval, not measured token OD, not measured electricity procurement, and no MRIO is used."
VIR,Virgin Islands (U.S.),0,7.886531707616973e-06,0.0,0.0,0.0,percent of modeled compute-host burden,global_token_flow_uncertainty_country_envelope_2024_no_mrio,"Monte Carlo uncertainty envelope for modeled token execution flows. The envelope samples public-demand proxy weights, compute-capacity priors, routing-cost weights, entropic-routing temperature, total electricity scaling and carbon-intensity multipliers. It is not an observed provider-routing confidence interval, not measured token OD, not measured electricity procurement, and no MRIO is used."
VNM,Viet Nam,0,0.014330650976656,0.0,0.0,0.0,percent of modeled compute-host burden,global_token_flow_uncertainty_country_envelope_2024_no_mrio,"Monte Carlo uncertainty envelope for modeled token execution flows. The envelope samples public-demand proxy weights, compute-capacity priors, routing-cost weights, entropic-routing temperature, total electricity scaling and carbon-intensity multipliers. It is not an observed provider-routing confidence interval, not measured token OD, not measured electricity procurement, and no MRIO is used."
XKX,Kosovo,0,0.0001586721535074,0.0,0.0,0.0,percent of modeled compute-host burden,global_token_flow_uncertainty_country_envelope_2024_no_mrio,"Monte Carlo uncertainty envelope for modeled token execution flows. The envelope samples public-demand proxy weights, compute-capacity priors, routing-cost weights, entropic-routing temperature, total electricity scaling and carbon-intensity multipliers. It is not an observed provider-routing confidence interval, not measured token OD, not measured electricity procurement, and no MRIO is used."
ZMB,Zambia,0,0.0003224819841623,0.0,0.0,0.0,percent of modeled compute-host burden,global_token_flow_uncertainty_country_envelope_2024_no_mrio,"Monte Carlo uncertainty envelope for modeled token execution flows. The envelope samples public-demand proxy weights, compute-capacity priors, routing-cost weights, entropic-routing temperature, total electricity scaling and carbon-intensity multipliers. It is not an observed provider-routing confidence interval, not measured token OD, not measured electricity procurement, and no MRIO is used."
ZWE,Zimbabwe,0,0.0006167306177827,0.0,0.0,0.0,percent of modeled compute-host burden,global_token_flow_uncertainty_country_envelope_2024_no_mrio,"Monte Carlo uncertainty envelope for modeled token execution flows. The envelope samples public-demand proxy weights, compute-capacity priors, routing-cost weights, entropic-routing temperature, total electricity scaling and carbon-intensity multipliers. It is not an observed provider-routing confidence interval, not measured token OD, not measured electricity procurement, and no MRIO is used."
